1-Wire/iButton Part Number: DS1921H-F5,,,
1-Wire/iButton Registration Number: C24F20000175EA21,,,
Is Mission Active?  true,,,
Mission Start:  Tue Oct 13 15:59:00 GMT+08:00 2020,,,
Sample Rate:  Every 15 minute(s),,,
Number of Mission Samples:  2874,,,
Total Samples:  54239,,,
Roll Over Enabled?  false,,,
Roll Over Occurred?  Roll over has occurred,,,
Active Alarms:  None fired,,,
Next Clock Alarm At:  Disabled,,,
High Temperature Alarm:  46.375 °C,,,
Low Temperature Alarm:  14.5 °C,,,
,,,
Date,Time,Unit,Value
13/10/2020, 3:59:00 pm,C,20.375
13/10/2020, 4:14:00 pm,C,20.375
13/10/2020, 4:29:00 pm,C,20.375
13/10/2020, 4:44:00 pm,C,20.375
13/10/2020, 4:59:00 pm,C,20.375
13/10/2020, 5:14:00 pm,C,20.375
13/10/2020, 5:29:00 pm,C,20.375
13/10/2020, 5:44:00 pm,C,20.375
13/10/2020, 5:59:00 pm,C,20.375
13/10/2020, 6:14:00 pm,C,20.375
13/10/2020, 6:29:00 pm,C,20.375
13/10/2020, 6:44:00 pm,C,20.375
13/10/2020, 6:59:00 pm,C,20.25
13/10/2020, 7:14:00 pm,C,20.25
13/10/2020, 7:29:00 pm,C,20.375
13/10/2020, 7:44:00 pm,C,20.5
13/10/2020, 7:59:00 pm,C,20.5
13/10/2020, 8:14:00 pm,C,20.375
13/10/2020, 8:29:00 pm,C,20.375
13/10/2020, 8:44:00 pm,C,20.375
13/10/2020, 8:59:00 pm,C,20.375
13/10/2020, 9:14:00 pm,C,20.375
13/10/2020, 9:29:00 pm,C,20.375
13/10/2020, 9:44:00 pm,C,20.375
13/10/2020, 9:59:00 pm,C,20.5
13/10/2020, 10:14:00 pm,C,20.375
13/10/2020, 10:29:00 pm,C,20.375
13/10/2020, 10:44:00 pm,C,20.375
13/10/2020, 10:59:00 pm,C,20.375
13/10/2020, 11:14:00 pm,C,20.375
13/10/2020, 11:29:00 pm,C,20.375
13/10/2020, 11:44:00 pm,C,20.375
13/10/2020, 11:59:00 pm,C,20.375
14/10/2020, 12:14:00 am,C,20.375
14/10/2020, 12:29:00 am,C,20.375
14/10/2020, 12:44:00 am,C,20.375
14/10/2020, 12:59:00 am,C,20.375
14/10/2020, 1:14:00 am,C,20.375
14/10/2020, 1:29:00 am,C,20.375
14/10/2020, 1:44:00 am,C,20.375
14/10/2020, 1:59:00 am,C,20.375
14/10/2020, 2:14:00 am,C,20.375
14/10/2020, 2:29:00 am,C,20.375
14/10/2020, 2:44:00 am,C,20.375
14/10/2020, 2:59:00 am,C,20.25
14/10/2020, 3:14:00 am,C,20.25
14/10/2020, 3:29:00 am,C,20.25
14/10/2020, 3:44:00 am,C,20.25
14/10/2020, 3:59:00 am,C,20.125
14/10/2020, 4:14:00 am,C,20.125
14/10/2020, 4:29:00 am,C,20
14/10/2020, 4:44:00 am,C,19.875
14/10/2020, 4:59:00 am,C,20
14/10/2020, 5:14:00 am,C,20
14/10/2020, 5:29:00 am,C,20.125
14/10/2020, 5:44:00 am,C,20
14/10/2020, 5:59:00 am,C,20
14/10/2020, 6:14:00 am,C,20
14/10/2020, 6:29:00 am,C,20
14/10/2020, 6:44:00 am,C,20
14/10/2020, 6:59:00 am,C,20.125
14/10/2020, 7:14:00 am,C,20.125
14/10/2020, 7:29:00 am,C,20
14/10/2020, 7:44:00 am,C,19.875
14/10/2020, 7:59:00 am,C,20
14/10/2020, 8:14:00 am,C,20
14/10/2020, 8:29:00 am,C,20.125
14/10/2020, 8:44:00 am,C,20
14/10/2020, 8:59:00 am,C,20.125
14/10/2020, 9:14:00 am,C,20.125
14/10/2020, 9:29:00 am,C,20.25
14/10/2020, 9:44:00 am,C,20.125
14/10/2020, 9:59:00 am,C,20.125
14/10/2020, 10:14:00 am,C,20.25
14/10/2020, 10:29:00 am,C,20.125
14/10/2020, 10:44:00 am,C,20.125
14/10/2020, 10:59:00 am,C,20.125
14/10/2020, 11:14:00 am,C,20.25
14/10/2020, 11:29:00 am,C,20.5
14/10/2020, 11:44:00 am,C,20.625
14/10/2020, 11:59:00 am,C,20.75
14/10/2020, 12:14:00 pm,C,20.625
14/10/2020, 12:29:00 pm,C,20.625
14/10/2020, 12:44:00 pm,C,20.625
14/10/2020, 12:59:00 pm,C,20.75
14/10/2020, 1:14:00 pm,C,20.625
14/10/2020, 1:29:00 pm,C,20.625
14/10/2020, 1:44:00 pm,C,20.75
14/10/2020, 1:59:00 pm,C,20.75
14/10/2020, 2:14:00 pm,C,20.75
14/10/2020, 2:29:00 pm,C,20.75
14/10/2020, 2:44:00 pm,C,20.75
14/10/2020, 2:59:00 pm,C,20.625
14/10/2020, 3:14:00 pm,C,20.75
14/10/2020, 3:29:00 pm,C,20.75
14/10/2020, 3:44:00 pm,C,20.75
14/10/2020, 3:59:00 pm,C,20.875
14/10/2020, 4:14:00 pm,C,20.875
14/10/2020, 4:29:00 pm,C,20.875
14/10/2020, 4:44:00 pm,C,20.875
14/10/2020, 4:59:00 pm,C,20.875
14/10/2020, 5:14:00 pm,C,20.875
14/10/2020, 5:29:00 pm,C,20.875
14/10/2020, 5:44:00 pm,C,21
14/10/2020, 5:59:00 pm,C,21
14/10/2020, 6:14:00 pm,C,21
14/10/2020, 6:29:00 pm,C,21
14/10/2020, 6:44:00 pm,C,21
14/10/2020, 6:59:00 pm,C,21
14/10/2020, 7:14:00 pm,C,21
14/10/2020, 7:29:00 pm,C,21
14/10/2020, 7:44:00 pm,C,21
14/10/2020, 7:59:00 pm,C,20.875
14/10/2020, 8:14:00 pm,C,20.875
14/10/2020, 8:29:00 pm,C,20.75
14/10/2020, 8:44:00 pm,C,20.75
14/10/2020, 8:59:00 pm,C,20.75
14/10/2020, 9:14:00 pm,C,20.75
14/10/2020, 9:29:00 pm,C,20.75
14/10/2020, 9:44:00 pm,C,20.625
14/10/2020, 9:59:00 pm,C,20.625
14/10/2020, 10:14:00 pm,C,20.625
14/10/2020, 10:29:00 pm,C,20.625
14/10/2020, 10:44:00 pm,C,20.75
14/10/2020, 10:59:00 pm,C,20.75
14/10/2020, 11:14:00 pm,C,20.75
14/10/2020, 11:29:00 pm,C,20.75
14/10/2020, 11:44:00 pm,C,20.75
14/10/2020, 11:59:00 pm,C,20.75
15/10/2020, 12:14:00 am,C,20.75
15/10/2020, 12:29:00 am,C,20.75
15/10/2020, 12:44:00 am,C,20.75
15/10/2020, 12:59:00 am,C,20.625
15/10/2020, 1:14:00 am,C,20.625
15/10/2020, 1:29:00 am,C,20.625
15/10/2020, 1:44:00 am,C,20.75
15/10/2020, 1:59:00 am,C,20.625
15/10/2020, 2:14:00 am,C,20.625
15/10/2020, 2:29:00 am,C,20.625
15/10/2020, 2:44:00 am,C,20.625
15/10/2020, 2:59:00 am,C,20.625
15/10/2020, 3:14:00 am,C,20.625
15/10/2020, 3:29:00 am,C,20.625
15/10/2020, 3:44:00 am,C,20.625
15/10/2020, 3:59:00 am,C,20.5
15/10/2020, 4:14:00 am,C,20.375
15/10/2020, 4:29:00 am,C,20.25
15/10/2020, 4:44:00 am,C,20
15/10/2020, 4:59:00 am,C,20
15/10/2020, 5:14:00 am,C,19.75
15/10/2020, 5:29:00 am,C,19.625
15/10/2020, 5:44:00 am,C,19.625
15/10/2020, 5:59:00 am,C,19.625
15/10/2020, 6:14:00 am,C,19.625
15/10/2020, 6:29:00 am,C,19.625
15/10/2020, 6:44:00 am,C,19.5
15/10/2020, 6:59:00 am,C,19.625
15/10/2020, 7:14:00 am,C,19.75
15/10/2020, 7:29:00 am,C,19.75
15/10/2020, 7:44:00 am,C,19.75
15/10/2020, 7:59:00 am,C,19.875
15/10/2020, 8:14:00 am,C,19.875
15/10/2020, 8:29:00 am,C,19.875
15/10/2020, 8:44:00 am,C,19.875
15/10/2020, 8:59:00 am,C,20
15/10/2020, 9:14:00 am,C,20.125
15/10/2020, 9:29:00 am,C,20.25
15/10/2020, 9:44:00 am,C,20.25
15/10/2020, 9:59:00 am,C,20.625
15/10/2020, 10:14:00 am,C,21
15/10/2020, 10:29:00 am,C,21
15/10/2020, 10:44:00 am,C,21
15/10/2020, 10:59:00 am,C,21
15/10/2020, 11:14:00 am,C,21.25
15/10/2020, 11:29:00 am,C,21.125
15/10/2020, 11:44:00 am,C,21.25
15/10/2020, 11:59:00 am,C,21.5
15/10/2020, 12:14:00 pm,C,21.625
15/10/2020, 12:29:00 pm,C,21.5
15/10/2020, 12:44:00 pm,C,21.125
15/10/2020, 12:59:00 pm,C,21.125
15/10/2020, 1:14:00 pm,C,21.5
15/10/2020, 1:29:00 pm,C,21.625
15/10/2020, 1:44:00 pm,C,21.75
15/10/2020, 1:59:00 pm,C,21.75
15/10/2020, 2:14:00 pm,C,21.625
15/10/2020, 2:29:00 pm,C,21.625
15/10/2020, 2:44:00 pm,C,21.375
15/10/2020, 2:59:00 pm,C,21.625
15/10/2020, 3:14:00 pm,C,21.625
15/10/2020, 3:29:00 pm,C,21.5
15/10/2020, 3:44:00 pm,C,21.25
15/10/2020, 3:59:00 pm,C,21.125
15/10/2020, 4:14:00 pm,C,21
15/10/2020, 4:29:00 pm,C,21
15/10/2020, 4:44:00 pm,C,21
15/10/2020, 4:59:00 pm,C,21
15/10/2020, 5:14:00 pm,C,21
15/10/2020, 5:29:00 pm,C,20.875
15/10/2020, 5:44:00 pm,C,20.875
15/10/2020, 5:59:00 pm,C,20.75
15/10/2020, 6:14:00 pm,C,20.625
15/10/2020, 6:29:00 pm,C,20.625
15/10/2020, 6:44:00 pm,C,20.75
15/10/2020, 6:59:00 pm,C,20.75
15/10/2020, 7:14:00 pm,C,20.875
15/10/2020, 7:29:00 pm,C,20.875
15/10/2020, 7:44:00 pm,C,20.75
15/10/2020, 7:59:00 pm,C,20.75
15/10/2020, 8:14:00 pm,C,20.75
15/10/2020, 8:29:00 pm,C,20.75
15/10/2020, 8:44:00 pm,C,20.75
15/10/2020, 8:59:00 pm,C,20.75
15/10/2020, 9:14:00 pm,C,20.75
15/10/2020, 9:29:00 pm,C,20.75
15/10/2020, 9:44:00 pm,C,20.75
15/10/2020, 9:59:00 pm,C,20.75
15/10/2020, 10:14:00 pm,C,20.75
15/10/2020, 10:29:00 pm,C,20.75
15/10/2020, 10:44:00 pm,C,20.625
15/10/2020, 10:59:00 pm,C,20.625
15/10/2020, 11:14:00 pm,C,20.625
15/10/2020, 11:29:00 pm,C,20.625
15/10/2020, 11:44:00 pm,C,20.625
15/10/2020, 11:59:00 pm,C,20.625
16/10/2020, 12:14:00 am,C,20.625
16/10/2020, 12:29:00 am,C,20.5
16/10/2020, 12:44:00 am,C,20.5
16/10/2020, 12:59:00 am,C,20.5
16/10/2020, 1:14:00 am,C,20.5
16/10/2020, 1:29:00 am,C,20.5
16/10/2020, 1:44:00 am,C,20.625
16/10/2020, 1:59:00 am,C,20.625
16/10/2020, 2:14:00 am,C,20.5
16/10/2020, 2:29:00 am,C,20.5
16/10/2020, 2:44:00 am,C,20.5
16/10/2020, 2:59:00 am,C,20.5
16/10/2020, 3:14:00 am,C,20.5
16/10/2020, 3:29:00 am,C,20.375
16/10/2020, 3:44:00 am,C,20.375
16/10/2020, 3:59:00 am,C,20.25
16/10/2020, 4:14:00 am,C,20.25
16/10/2020, 4:29:00 am,C,20.25
16/10/2020, 4:44:00 am,C,20.25
16/10/2020, 4:59:00 am,C,20.25
16/10/2020, 5:14:00 am,C,20.25
16/10/2020, 5:29:00 am,C,20.125
16/10/2020, 5:44:00 am,C,20.125
16/10/2020, 5:59:00 am,C,20
16/10/2020, 6:14:00 am,C,20
16/10/2020, 6:29:00 am,C,20
16/10/2020, 6:44:00 am,C,20
16/10/2020, 6:59:00 am,C,19.875
16/10/2020, 7:14:00 am,C,19.875
16/10/2020, 7:29:00 am,C,19.75
16/10/2020, 7:44:00 am,C,19.75
16/10/2020, 7:59:00 am,C,19.75
16/10/2020, 8:14:00 am,C,19.875
16/10/2020, 8:29:00 am,C,20
16/10/2020, 8:44:00 am,C,20.125
16/10/2020, 8:59:00 am,C,20.25
16/10/2020, 9:14:00 am,C,20.375
16/10/2020, 9:29:00 am,C,20.5
16/10/2020, 9:44:00 am,C,21
16/10/2020, 9:59:00 am,C,21.5
16/10/2020, 10:14:00 am,C,21.5
16/10/2020, 10:29:00 am,C,21.75
16/10/2020, 10:44:00 am,C,21.75
16/10/2020, 10:59:00 am,C,21.625
16/10/2020, 11:14:00 am,C,21.75
16/10/2020, 11:29:00 am,C,21.625
16/10/2020, 11:44:00 am,C,22
16/10/2020, 11:59:00 am,C,22.125
16/10/2020, 12:14:00 pm,C,22.5
16/10/2020, 12:29:00 pm,C,22.5
16/10/2020, 12:44:00 pm,C,22.25
16/10/2020, 12:59:00 pm,C,22.125
16/10/2020, 1:14:00 pm,C,22.25
16/10/2020, 1:29:00 pm,C,22.5
16/10/2020, 1:44:00 pm,C,22.625
16/10/2020, 1:59:00 pm,C,22.75
16/10/2020, 2:14:00 pm,C,22.75
16/10/2020, 2:29:00 pm,C,22.375
16/10/2020, 2:44:00 pm,C,22.5
16/10/2020, 2:59:00 pm,C,22.375
16/10/2020, 3:14:00 pm,C,22.25
16/10/2020, 3:29:00 pm,C,21.875
16/10/2020, 3:44:00 pm,C,22
16/10/2020, 3:59:00 pm,C,21.875
16/10/2020, 4:14:00 pm,C,21.875
16/10/2020, 4:29:00 pm,C,21.75
16/10/2020, 4:44:00 pm,C,21.75
16/10/2020, 4:59:00 pm,C,21.75
16/10/2020, 5:14:00 pm,C,21.625
16/10/2020, 5:29:00 pm,C,21.625
16/10/2020, 5:44:00 pm,C,21.5
16/10/2020, 5:59:00 pm,C,21.375
16/10/2020, 6:14:00 pm,C,21.25
16/10/2020, 6:29:00 pm,C,21.25
16/10/2020, 6:44:00 pm,C,21.25
16/10/2020, 6:59:00 pm,C,21.125
16/10/2020, 7:14:00 pm,C,21.125
16/10/2020, 7:29:00 pm,C,21.125
16/10/2020, 7:44:00 pm,C,21.125
16/10/2020, 7:59:00 pm,C,21
16/10/2020, 8:14:00 pm,C,20.875
16/10/2020, 8:29:00 pm,C,20.875
16/10/2020, 8:44:00 pm,C,20.875
16/10/2020, 8:59:00 pm,C,21
16/10/2020, 9:14:00 pm,C,21
16/10/2020, 9:29:00 pm,C,21
16/10/2020, 9:44:00 pm,C,21
16/10/2020, 9:59:00 pm,C,21.125
16/10/2020, 10:14:00 pm,C,21.125
16/10/2020, 10:29:00 pm,C,21.125
16/10/2020, 10:44:00 pm,C,21.125
16/10/2020, 10:59:00 pm,C,21.125
16/10/2020, 11:14:00 pm,C,21.125
16/10/2020, 11:29:00 pm,C,21
16/10/2020, 11:44:00 pm,C,20.875
16/10/2020, 11:59:00 pm,C,20.75
17/10/2020, 12:14:00 am,C,20.75
17/10/2020, 12:29:00 am,C,20.5
17/10/2020, 12:44:00 am,C,20.375
17/10/2020, 12:59:00 am,C,20.375
17/10/2020, 1:14:00 am,C,20.25
17/10/2020, 1:29:00 am,C,20.125
17/10/2020, 1:44:00 am,C,20.125
17/10/2020, 1:59:00 am,C,20
17/10/2020, 2:14:00 am,C,19.875
17/10/2020, 2:29:00 am,C,19.875
17/10/2020, 2:44:00 am,C,19.875
17/10/2020, 2:59:00 am,C,19.875
17/10/2020, 3:14:00 am,C,19.75
17/10/2020, 3:29:00 am,C,19.875
17/10/2020, 3:44:00 am,C,19.625
17/10/2020, 3:59:00 am,C,19.625
17/10/2020, 4:14:00 am,C,19.625
17/10/2020, 4:29:00 am,C,19.625
17/10/2020, 4:44:00 am,C,19.5
17/10/2020, 4:59:00 am,C,19.5
17/10/2020, 5:14:00 am,C,19.5
17/10/2020, 5:29:00 am,C,19.375
17/10/2020, 5:44:00 am,C,19.375
17/10/2020, 5:59:00 am,C,19.25
17/10/2020, 6:14:00 am,C,19.25
17/10/2020, 6:29:00 am,C,19.25
17/10/2020, 6:44:00 am,C,19.125
17/10/2020, 6:59:00 am,C,19.25
17/10/2020, 7:14:00 am,C,19.375
17/10/2020, 7:29:00 am,C,19.25
17/10/2020, 7:44:00 am,C,19.25
17/10/2020, 7:59:00 am,C,19.375
17/10/2020, 8:14:00 am,C,19.375
17/10/2020, 8:29:00 am,C,19.375
17/10/2020, 8:44:00 am,C,19.5
17/10/2020, 8:59:00 am,C,19.625
17/10/2020, 9:14:00 am,C,19.75
17/10/2020, 9:29:00 am,C,19.875
17/10/2020, 9:44:00 am,C,20
17/10/2020, 9:59:00 am,C,20.125
17/10/2020, 10:14:00 am,C,20.375
17/10/2020, 10:29:00 am,C,20.625
17/10/2020, 10:44:00 am,C,20.75
17/10/2020, 10:59:00 am,C,20.75
17/10/2020, 11:14:00 am,C,20.625
17/10/2020, 11:29:00 am,C,20.5
17/10/2020, 11:44:00 am,C,20.5
17/10/2020, 11:59:00 am,C,20.5
17/10/2020, 12:14:00 pm,C,20.5
17/10/2020, 12:29:00 pm,C,20.375
17/10/2020, 12:44:00 pm,C,20.375
17/10/2020, 12:59:00 pm,C,20.5
17/10/2020, 1:14:00 pm,C,20.5
17/10/2020, 1:29:00 pm,C,20.5
17/10/2020, 1:44:00 pm,C,20.875
17/10/2020, 1:59:00 pm,C,21.5
17/10/2020, 2:14:00 pm,C,21.75
17/10/2020, 2:29:00 pm,C,21.625
17/10/2020, 2:44:00 pm,C,21.625
17/10/2020, 2:59:00 pm,C,21.375
17/10/2020, 3:14:00 pm,C,21.375
17/10/2020, 3:29:00 pm,C,21.5
17/10/2020, 3:44:00 pm,C,21.5
17/10/2020, 3:59:00 pm,C,21.25
17/10/2020, 4:14:00 pm,C,21.125
17/10/2020, 4:29:00 pm,C,21.125
17/10/2020, 4:44:00 pm,C,21
17/10/2020, 4:59:00 pm,C,21
17/10/2020, 5:14:00 pm,C,20.875
17/10/2020, 5:29:00 pm,C,20.875
17/10/2020, 5:44:00 pm,C,20.75
17/10/2020, 5:59:00 pm,C,20.75
17/10/2020, 6:14:00 pm,C,20.625
17/10/2020, 6:29:00 pm,C,20.625
17/10/2020, 6:44:00 pm,C,20.625
17/10/2020, 6:59:00 pm,C,20.5
17/10/2020, 7:14:00 pm,C,20.5
17/10/2020, 7:29:00 pm,C,20.5
17/10/2020, 7:44:00 pm,C,20.25
17/10/2020, 7:59:00 pm,C,20.125
17/10/2020, 8:14:00 pm,C,20
17/10/2020, 8:29:00 pm,C,20
17/10/2020, 8:44:00 pm,C,19.875
17/10/2020, 8:59:00 pm,C,19.875
17/10/2020, 9:14:00 pm,C,19.75
17/10/2020, 9:29:00 pm,C,19.75
17/10/2020, 9:44:00 pm,C,19.625
17/10/2020, 9:59:00 pm,C,19.625
17/10/2020, 10:14:00 pm,C,19.625
17/10/2020, 10:29:00 pm,C,19.5
17/10/2020, 10:44:00 pm,C,19.5
17/10/2020, 10:59:00 pm,C,19.5
17/10/2020, 11:14:00 pm,C,19.375
17/10/2020, 11:29:00 pm,C,19.375
17/10/2020, 11:44:00 pm,C,19.25
17/10/2020, 11:59:00 pm,C,19.25
18/10/2020, 12:14:00 am,C,19.125
18/10/2020, 12:29:00 am,C,18.875
18/10/2020, 12:44:00 am,C,18.75
18/10/2020, 12:59:00 am,C,18.75
18/10/2020, 1:14:00 am,C,18.75
18/10/2020, 1:29:00 am,C,18.625
18/10/2020, 1:44:00 am,C,18.625
18/10/2020, 1:59:00 am,C,18.5
18/10/2020, 2:14:00 am,C,18.375
18/10/2020, 2:29:00 am,C,18.5
18/10/2020, 2:44:00 am,C,18.5
18/10/2020, 2:59:00 am,C,18.375
18/10/2020, 3:14:00 am,C,18.5
18/10/2020, 3:29:00 am,C,18.5
18/10/2020, 3:44:00 am,C,18.375
18/10/2020, 3:59:00 am,C,18.5
18/10/2020, 4:14:00 am,C,18.375
18/10/2020, 4:29:00 am,C,18.125
18/10/2020, 4:44:00 am,C,18
18/10/2020, 4:59:00 am,C,18
18/10/2020, 5:14:00 am,C,17.75
18/10/2020, 5:29:00 am,C,17.875
18/10/2020, 5:44:00 am,C,17.75
18/10/2020, 5:59:00 am,C,17.75
18/10/2020, 6:14:00 am,C,17.75
18/10/2020, 6:29:00 am,C,17.875
18/10/2020, 6:44:00 am,C,17.75
18/10/2020, 6:59:00 am,C,17.75
18/10/2020, 7:14:00 am,C,17.75
18/10/2020, 7:29:00 am,C,17.75
18/10/2020, 7:44:00 am,C,17.75
18/10/2020, 7:59:00 am,C,17.75
18/10/2020, 8:14:00 am,C,17.875
18/10/2020, 8:29:00 am,C,17.875
18/10/2020, 8:44:00 am,C,18
18/10/2020, 8:59:00 am,C,18.125
18/10/2020, 9:14:00 am,C,18.25
18/10/2020, 9:29:00 am,C,18.375
18/10/2020, 9:44:00 am,C,18.625
18/10/2020, 9:59:00 am,C,18.875
18/10/2020, 10:14:00 am,C,19
18/10/2020, 10:29:00 am,C,19.25
18/10/2020, 10:44:00 am,C,19.5
18/10/2020, 10:59:00 am,C,19.5
18/10/2020, 11:14:00 am,C,19.625
18/10/2020, 11:29:00 am,C,19.75
18/10/2020, 11:44:00 am,C,20.25
18/10/2020, 11:59:00 am,C,20.25
18/10/2020, 12:14:00 pm,C,20.375
18/10/2020, 12:29:00 pm,C,20.375
18/10/2020, 12:44:00 pm,C,20.375
18/10/2020, 12:59:00 pm,C,20.375
18/10/2020, 1:14:00 pm,C,20.5
18/10/2020, 1:29:00 pm,C,20.75
18/10/2020, 1:44:00 pm,C,20.625
18/10/2020, 1:59:00 pm,C,20.75
18/10/2020, 2:14:00 pm,C,20.625
18/10/2020, 2:29:00 pm,C,20.625
18/10/2020, 2:44:00 pm,C,20.75
18/10/2020, 2:59:00 pm,C,20.75
18/10/2020, 3:14:00 pm,C,20.5
18/10/2020, 3:29:00 pm,C,20.5
18/10/2020, 3:44:00 pm,C,20.5
18/10/2020, 3:59:00 pm,C,20.375
18/10/2020, 4:14:00 pm,C,20.375
18/10/2020, 4:29:00 pm,C,20.375
18/10/2020, 4:44:00 pm,C,20.375
18/10/2020, 4:59:00 pm,C,20.375
18/10/2020, 5:14:00 pm,C,20.375
18/10/2020, 5:29:00 pm,C,20.375
18/10/2020, 5:44:00 pm,C,20.25
18/10/2020, 5:59:00 pm,C,20.25
18/10/2020, 6:14:00 pm,C,20.25
18/10/2020, 6:29:00 pm,C,20.125
18/10/2020, 6:44:00 pm,C,20.125
18/10/2020, 6:59:00 pm,C,20.125
18/10/2020, 7:14:00 pm,C,20.125
18/10/2020, 7:29:00 pm,C,20.25
18/10/2020, 7:44:00 pm,C,20.25
18/10/2020, 7:59:00 pm,C,20.125
18/10/2020, 8:14:00 pm,C,20.125
18/10/2020, 8:29:00 pm,C,20.125
18/10/2020, 8:44:00 pm,C,20
18/10/2020, 8:59:00 pm,C,20
18/10/2020, 9:14:00 pm,C,19.875
18/10/2020, 9:29:00 pm,C,19.75
18/10/2020, 9:44:00 pm,C,19.625
18/10/2020, 9:59:00 pm,C,19.5
18/10/2020, 10:14:00 pm,C,19.5
18/10/2020, 10:29:00 pm,C,19.375
18/10/2020, 10:44:00 pm,C,19.25
18/10/2020, 10:59:00 pm,C,19.25
18/10/2020, 11:14:00 pm,C,19.125
18/10/2020, 11:29:00 pm,C,18.875
18/10/2020, 11:44:00 pm,C,18.75
18/10/2020, 11:59:00 pm,C,18.875
19/10/2020, 12:14:00 am,C,18.875
19/10/2020, 12:29:00 am,C,18.75
19/10/2020, 12:44:00 am,C,18.875
19/10/2020, 12:59:00 am,C,18.875
19/10/2020, 1:14:00 am,C,18.75
19/10/2020, 1:29:00 am,C,18.75
19/10/2020, 1:44:00 am,C,18.75
19/10/2020, 1:59:00 am,C,18.75
19/10/2020, 2:14:00 am,C,18.75
19/10/2020, 2:29:00 am,C,18.625
19/10/2020, 2:44:00 am,C,18.5
19/10/2020, 2:59:00 am,C,18.625
19/10/2020, 3:14:00 am,C,18.5
19/10/2020, 3:29:00 am,C,18.375
19/10/2020, 3:44:00 am,C,18.125
19/10/2020, 3:59:00 am,C,18.25
19/10/2020, 4:14:00 am,C,18.125
19/10/2020, 4:29:00 am,C,17.875
19/10/2020, 4:44:00 am,C,17.75
19/10/2020, 4:59:00 am,C,17.625
19/10/2020, 5:14:00 am,C,17.625
19/10/2020, 5:29:00 am,C,17.625
19/10/2020, 5:44:00 am,C,17.625
19/10/2020, 5:59:00 am,C,17.625
19/10/2020, 6:14:00 am,C,17.75
19/10/2020, 6:29:00 am,C,17.75
19/10/2020, 6:44:00 am,C,17.625
19/10/2020, 6:59:00 am,C,17.625
19/10/2020, 7:14:00 am,C,17.625
19/10/2020, 7:29:00 am,C,17.625
19/10/2020, 7:44:00 am,C,17.625
19/10/2020, 7:59:00 am,C,17.625
19/10/2020, 8:14:00 am,C,17.625
19/10/2020, 8:29:00 am,C,17.625
19/10/2020, 8:44:00 am,C,17.75
19/10/2020, 8:59:00 am,C,17.625
19/10/2020, 9:14:00 am,C,17.625
19/10/2020, 9:29:00 am,C,17.75
19/10/2020, 9:44:00 am,C,18
19/10/2020, 9:59:00 am,C,18.125
19/10/2020, 10:14:00 am,C,18.25
19/10/2020, 10:29:00 am,C,18.5
19/10/2020, 10:44:00 am,C,18.75
19/10/2020, 10:59:00 am,C,18.875
19/10/2020, 11:14:00 am,C,18.875
19/10/2020, 11:29:00 am,C,19.125
19/10/2020, 11:44:00 am,C,19.25
19/10/2020, 11:59:00 am,C,19.625
19/10/2020, 12:14:00 pm,C,19.625
19/10/2020, 12:29:00 pm,C,19.625
19/10/2020, 12:44:00 pm,C,19.625
19/10/2020, 12:59:00 pm,C,19.625
19/10/2020, 1:14:00 pm,C,19.625
19/10/2020, 1:29:00 pm,C,19.75
19/10/2020, 1:44:00 pm,C,19.875
19/10/2020, 1:59:00 pm,C,20
19/10/2020, 2:14:00 pm,C,20
19/10/2020, 2:29:00 pm,C,20
19/10/2020, 2:44:00 pm,C,20
19/10/2020, 2:59:00 pm,C,20
19/10/2020, 3:14:00 pm,C,20
19/10/2020, 3:29:00 pm,C,20
19/10/2020, 3:44:00 pm,C,20
19/10/2020, 3:59:00 pm,C,20
19/10/2020, 4:14:00 pm,C,20
19/10/2020, 4:29:00 pm,C,20
19/10/2020, 4:44:00 pm,C,20
19/10/2020, 4:59:00 pm,C,19.875
19/10/2020, 5:14:00 pm,C,19.875
19/10/2020, 5:29:00 pm,C,19.75
19/10/2020, 5:44:00 pm,C,19.75
19/10/2020, 5:59:00 pm,C,19.625
19/10/2020, 6:14:00 pm,C,19.625
19/10/2020, 6:29:00 pm,C,19.5
19/10/2020, 6:44:00 pm,C,19.375
19/10/2020, 6:59:00 pm,C,19.375
19/10/2020, 7:14:00 pm,C,19.375
19/10/2020, 7:29:00 pm,C,19.25
19/10/2020, 7:44:00 pm,C,19.25
19/10/2020, 7:59:00 pm,C,19.25
19/10/2020, 8:14:00 pm,C,19.25
19/10/2020, 8:29:00 pm,C,19.125
19/10/2020, 8:44:00 pm,C,19.125
19/10/2020, 8:59:00 pm,C,19.125
19/10/2020, 9:14:00 pm,C,19
19/10/2020, 9:29:00 pm,C,19
19/10/2020, 9:44:00 pm,C,19
19/10/2020, 9:59:00 pm,C,18.75
19/10/2020, 10:14:00 pm,C,18.75
19/10/2020, 10:29:00 pm,C,18.625
19/10/2020, 10:44:00 pm,C,18.625
19/10/2020, 10:59:00 pm,C,18.5
19/10/2020, 11:14:00 pm,C,18.5
19/10/2020, 11:29:00 pm,C,18.5
19/10/2020, 11:44:00 pm,C,18.375
19/10/2020, 11:59:00 pm,C,18.25
20/10/2020, 12:14:00 am,C,18.25
20/10/2020, 12:29:00 am,C,18.125
20/10/2020, 12:44:00 am,C,18.125
20/10/2020, 12:59:00 am,C,18.125
20/10/2020, 1:14:00 am,C,18.125
20/10/2020, 1:29:00 am,C,18
20/10/2020, 1:44:00 am,C,18
20/10/2020, 1:59:00 am,C,18
20/10/2020, 2:14:00 am,C,18
20/10/2020, 2:29:00 am,C,18.125
20/10/2020, 2:44:00 am,C,18.125
20/10/2020, 2:59:00 am,C,18
20/10/2020, 3:14:00 am,C,17.875
20/10/2020, 3:29:00 am,C,17.75
20/10/2020, 3:44:00 am,C,17.625
20/10/2020, 3:59:00 am,C,17.625
20/10/2020, 4:14:00 am,C,17.625
20/10/2020, 4:29:00 am,C,17.625
20/10/2020, 4:44:00 am,C,17.5
20/10/2020, 4:59:00 am,C,17.375
20/10/2020, 5:14:00 am,C,17.375
20/10/2020, 5:29:00 am,C,17.25
20/10/2020, 5:44:00 am,C,17.25
20/10/2020, 5:59:00 am,C,17.375
20/10/2020, 6:14:00 am,C,17.375
20/10/2020, 6:29:00 am,C,17.375
20/10/2020, 6:44:00 am,C,17.25
20/10/2020, 6:59:00 am,C,17.375
20/10/2020, 7:14:00 am,C,17.375
20/10/2020, 7:29:00 am,C,17.5
20/10/2020, 7:44:00 am,C,17.375
20/10/2020, 7:59:00 am,C,17.5
20/10/2020, 8:14:00 am,C,17.625
20/10/2020, 8:29:00 am,C,17.5
20/10/2020, 8:44:00 am,C,17.625
20/10/2020, 8:59:00 am,C,17.75
20/10/2020, 9:14:00 am,C,18
20/10/2020, 9:29:00 am,C,18
20/10/2020, 9:44:00 am,C,18.25
20/10/2020, 9:59:00 am,C,18.375
20/10/2020, 10:14:00 am,C,18.5
20/10/2020, 10:29:00 am,C,18.75
20/10/2020, 10:44:00 am,C,19.125
20/10/2020, 10:59:00 am,C,19.25
20/10/2020, 11:14:00 am,C,19.125
20/10/2020, 11:29:00 am,C,19.25
20/10/2020, 11:44:00 am,C,19.5
20/10/2020, 11:59:00 am,C,19.625
20/10/2020, 12:14:00 pm,C,19.625
20/10/2020, 12:29:00 pm,C,19.625
20/10/2020, 12:44:00 pm,C,19.625
20/10/2020, 12:59:00 pm,C,19.625
20/10/2020, 1:14:00 pm,C,19.75
20/10/2020, 1:29:00 pm,C,19.875
20/10/2020, 1:44:00 pm,C,19.875
20/10/2020, 1:59:00 pm,C,19.875
20/10/2020, 2:14:00 pm,C,20
20/10/2020, 2:29:00 pm,C,20
20/10/2020, 2:44:00 pm,C,20
20/10/2020, 2:59:00 pm,C,20.125
20/10/2020, 3:14:00 pm,C,20.125
20/10/2020, 3:29:00 pm,C,20
20/10/2020, 3:44:00 pm,C,20
20/10/2020, 3:59:00 pm,C,20
20/10/2020, 4:14:00 pm,C,20
20/10/2020, 4:29:00 pm,C,20
20/10/2020, 4:44:00 pm,C,20
20/10/2020, 4:59:00 pm,C,20
20/10/2020, 5:14:00 pm,C,19.875
20/10/2020, 5:29:00 pm,C,19.875
20/10/2020, 5:44:00 pm,C,19.875
20/10/2020, 5:59:00 pm,C,19.75
20/10/2020, 6:14:00 pm,C,19.75
20/10/2020, 6:29:00 pm,C,19.75
20/10/2020, 6:44:00 pm,C,19.625
20/10/2020, 6:59:00 pm,C,19.625
20/10/2020, 7:14:00 pm,C,19.5
20/10/2020, 7:29:00 pm,C,19.625
20/10/2020, 7:44:00 pm,C,19.5
20/10/2020, 7:59:00 pm,C,19.5
20/10/2020, 8:14:00 pm,C,19.375
20/10/2020, 8:29:00 pm,C,19.375
20/10/2020, 8:44:00 pm,C,19.375
20/10/2020, 8:59:00 pm,C,19.375
20/10/2020, 9:14:00 pm,C,19.375
20/10/2020, 9:29:00 pm,C,19.25
20/10/2020, 9:44:00 pm,C,19.125
20/10/2020, 9:59:00 pm,C,19.125
20/10/2020, 10:14:00 pm,C,19
20/10/2020, 10:29:00 pm,C,18.75
20/10/2020, 10:44:00 pm,C,18.75
20/10/2020, 10:59:00 pm,C,18.75
20/10/2020, 11:14:00 pm,C,18.5
20/10/2020, 11:29:00 pm,C,18.375
20/10/2020, 11:44:00 pm,C,18.25
20/10/2020, 11:59:00 pm,C,18.125
21/10/2020, 12:14:00 am,C,18
21/10/2020, 12:29:00 am,C,17.875
21/10/2020, 12:44:00 am,C,17.875
21/10/2020, 12:59:00 am,C,17.75
21/10/2020, 1:14:00 am,C,17.625
21/10/2020, 1:29:00 am,C,17.625
21/10/2020, 1:44:00 am,C,17.625
21/10/2020, 1:59:00 am,C,17.625
21/10/2020, 2:14:00 am,C,17.5
21/10/2020, 2:29:00 am,C,17.25
21/10/2020, 2:44:00 am,C,17.25
21/10/2020, 2:59:00 am,C,17.25
21/10/2020, 3:14:00 am,C,17.25
21/10/2020, 3:29:00 am,C,17.25
21/10/2020, 3:44:00 am,C,17.125
21/10/2020, 3:59:00 am,C,17.125
21/10/2020, 4:14:00 am,C,17.125
21/10/2020, 4:29:00 am,C,17.125
21/10/2020, 4:44:00 am,C,17
21/10/2020, 4:59:00 am,C,17.125
21/10/2020, 5:14:00 am,C,17.125
21/10/2020, 5:29:00 am,C,17
21/10/2020, 5:44:00 am,C,17
21/10/2020, 5:59:00 am,C,17
21/10/2020, 6:14:00 am,C,17
21/10/2020, 6:29:00 am,C,17
21/10/2020, 6:44:00 am,C,16.875
21/10/2020, 6:59:00 am,C,16.875
21/10/2020, 7:14:00 am,C,16.75
21/10/2020, 7:29:00 am,C,16.875
21/10/2020, 7:44:00 am,C,16.875
21/10/2020, 7:59:00 am,C,17
21/10/2020, 8:14:00 am,C,17
21/10/2020, 8:29:00 am,C,17.125
21/10/2020, 8:44:00 am,C,17.125
21/10/2020, 8:59:00 am,C,17.25
21/10/2020, 9:14:00 am,C,17.375
21/10/2020, 9:29:00 am,C,17.5
21/10/2020, 9:44:00 am,C,17.75
21/10/2020, 9:59:00 am,C,17.75
21/10/2020, 10:14:00 am,C,17.875
21/10/2020, 10:29:00 am,C,18.125
21/10/2020, 10:44:00 am,C,18.25
21/10/2020, 10:59:00 am,C,18.375
21/10/2020, 11:14:00 am,C,18.5
21/10/2020, 11:29:00 am,C,18.75
21/10/2020, 11:44:00 am,C,18.875
21/10/2020, 11:59:00 am,C,19
21/10/2020, 12:14:00 pm,C,19
21/10/2020, 12:29:00 pm,C,19.125
21/10/2020, 12:44:00 pm,C,19.25
21/10/2020, 12:59:00 pm,C,19.25
21/10/2020, 1:14:00 pm,C,19.375
21/10/2020, 1:29:00 pm,C,19.375
21/10/2020, 1:44:00 pm,C,19.5
21/10/2020, 1:59:00 pm,C,19.5
21/10/2020, 2:14:00 pm,C,19.625
21/10/2020, 2:29:00 pm,C,19.625
21/10/2020, 2:44:00 pm,C,19.5
21/10/2020, 2:59:00 pm,C,19.5
21/10/2020, 3:14:00 pm,C,19.5
21/10/2020, 3:29:00 pm,C,19.375
21/10/2020, 3:44:00 pm,C,19.375
21/10/2020, 3:59:00 pm,C,19.25
21/10/2020, 4:14:00 pm,C,19.25
21/10/2020, 4:29:00 pm,C,19.125
21/10/2020, 4:44:00 pm,C,19.125
21/10/2020, 4:59:00 pm,C,19.125
21/10/2020, 5:14:00 pm,C,19
21/10/2020, 5:29:00 pm,C,19
21/10/2020, 5:44:00 pm,C,18.875
21/10/2020, 5:59:00 pm,C,18.75
21/10/2020, 6:14:00 pm,C,18.625
21/10/2020, 6:29:00 pm,C,18.5
21/10/2020, 6:44:00 pm,C,18.5
21/10/2020, 6:59:00 pm,C,18.375
21/10/2020, 7:14:00 pm,C,18.5
21/10/2020, 7:29:00 pm,C,18.5
21/10/2020, 7:44:00 pm,C,18.625
21/10/2020, 7:59:00 pm,C,18.5
21/10/2020, 8:14:00 pm,C,18.625
21/10/2020, 8:29:00 pm,C,18.625
21/10/2020, 8:44:00 pm,C,18.5
21/10/2020, 8:59:00 pm,C,18.5
21/10/2020, 9:14:00 pm,C,18.375
21/10/2020, 9:29:00 pm,C,18.25
21/10/2020, 9:44:00 pm,C,18.25
21/10/2020, 9:59:00 pm,C,18.25
21/10/2020, 10:14:00 pm,C,18.25
21/10/2020, 10:29:00 pm,C,18.25
21/10/2020, 10:44:00 pm,C,18.375
21/10/2020, 10:59:00 pm,C,18.25
21/10/2020, 11:14:00 pm,C,18.25
21/10/2020, 11:29:00 pm,C,18.25
21/10/2020, 11:44:00 pm,C,18.125
21/10/2020, 11:59:00 pm,C,18.25
22/10/2020, 12:14:00 am,C,18.25
22/10/2020, 12:29:00 am,C,18.125
22/10/2020, 12:44:00 am,C,18.125
22/10/2020, 12:59:00 am,C,18.125
22/10/2020, 1:14:00 am,C,18.125
22/10/2020, 1:29:00 am,C,18
22/10/2020, 1:44:00 am,C,18
22/10/2020, 1:59:00 am,C,18
22/10/2020, 2:14:00 am,C,18
22/10/2020, 2:29:00 am,C,18
22/10/2020, 2:44:00 am,C,17.875
22/10/2020, 2:59:00 am,C,17.875
22/10/2020, 3:14:00 am,C,17.875
22/10/2020, 3:29:00 am,C,17.875
22/10/2020, 3:44:00 am,C,17.875
22/10/2020, 3:59:00 am,C,17.875
22/10/2020, 4:14:00 am,C,17.75
22/10/2020, 4:29:00 am,C,17.75
22/10/2020, 4:44:00 am,C,17.75
22/10/2020, 4:59:00 am,C,17.75
22/10/2020, 5:14:00 am,C,17.625
22/10/2020, 5:29:00 am,C,17.625
22/10/2020, 5:44:00 am,C,17.625
22/10/2020, 5:59:00 am,C,17.625
22/10/2020, 6:14:00 am,C,17.625
22/10/2020, 6:29:00 am,C,17.625
22/10/2020, 6:44:00 am,C,17.5
22/10/2020, 6:59:00 am,C,17.5
22/10/2020, 7:14:00 am,C,17.5
22/10/2020, 7:29:00 am,C,17.5
22/10/2020, 7:44:00 am,C,17.5
22/10/2020, 7:59:00 am,C,17.625
22/10/2020, 8:14:00 am,C,17.625
22/10/2020, 8:29:00 am,C,17.75
22/10/2020, 8:44:00 am,C,17.75
22/10/2020, 8:59:00 am,C,17.875
22/10/2020, 9:14:00 am,C,17.875
22/10/2020, 9:29:00 am,C,18.125
22/10/2020, 9:44:00 am,C,18.25
22/10/2020, 9:59:00 am,C,18.125
22/10/2020, 10:14:00 am,C,18.25
22/10/2020, 10:29:00 am,C,18.375
22/10/2020, 10:44:00 am,C,18.5
22/10/2020, 10:59:00 am,C,18.75
22/10/2020, 11:14:00 am,C,19
22/10/2020, 11:29:00 am,C,19.125
22/10/2020, 11:44:00 am,C,19.25
22/10/2020, 11:59:00 am,C,19.375
22/10/2020, 12:14:00 pm,C,19.25
22/10/2020, 12:29:00 pm,C,19.25
22/10/2020, 12:44:00 pm,C,19.25
22/10/2020, 12:59:00 pm,C,19.5
22/10/2020, 1:14:00 pm,C,19.5
22/10/2020, 1:29:00 pm,C,19.5
22/10/2020, 1:44:00 pm,C,19.5
22/10/2020, 1:59:00 pm,C,19.625
22/10/2020, 2:14:00 pm,C,19.625
22/10/2020, 2:29:00 pm,C,19.625
22/10/2020, 2:44:00 pm,C,19.5
22/10/2020, 2:59:00 pm,C,19.5
22/10/2020, 3:14:00 pm,C,19.5
22/10/2020, 3:29:00 pm,C,19.375
22/10/2020, 3:44:00 pm,C,19.25
22/10/2020, 3:59:00 pm,C,19.25
22/10/2020, 4:14:00 pm,C,19.125
22/10/2020, 4:29:00 pm,C,19.125
22/10/2020, 4:44:00 pm,C,19
22/10/2020, 4:59:00 pm,C,19
22/10/2020, 5:14:00 pm,C,18.875
22/10/2020, 5:29:00 pm,C,18.75
22/10/2020, 5:44:00 pm,C,18.75
22/10/2020, 5:59:00 pm,C,18.625
22/10/2020, 6:14:00 pm,C,18.5
22/10/2020, 6:29:00 pm,C,18.5
22/10/2020, 6:44:00 pm,C,18.5
22/10/2020, 6:59:00 pm,C,18.5
22/10/2020, 7:14:00 pm,C,18.375
22/10/2020, 7:29:00 pm,C,18.25
22/10/2020, 7:44:00 pm,C,18.125
22/10/2020, 7:59:00 pm,C,18
22/10/2020, 8:14:00 pm,C,18
22/10/2020, 8:29:00 pm,C,18
22/10/2020, 8:44:00 pm,C,18
22/10/2020, 8:59:00 pm,C,18
22/10/2020, 9:14:00 pm,C,18
22/10/2020, 9:29:00 pm,C,18
22/10/2020, 9:44:00 pm,C,17.875
22/10/2020, 9:59:00 pm,C,17.75
22/10/2020, 10:14:00 pm,C,17.75
22/10/2020, 10:29:00 pm,C,17.625
22/10/2020, 10:44:00 pm,C,17.625
22/10/2020, 10:59:00 pm,C,17.5
22/10/2020, 11:14:00 pm,C,17.375
22/10/2020, 11:29:00 pm,C,17.375
22/10/2020, 11:44:00 pm,C,17.5
22/10/2020, 11:59:00 pm,C,17.5
23/10/2020, 12:14:00 am,C,17.625
23/10/2020, 12:29:00 am,C,17.625
23/10/2020, 12:44:00 am,C,17.625
23/10/2020, 12:59:00 am,C,17.625
23/10/2020, 1:14:00 am,C,17.5
23/10/2020, 1:29:00 am,C,17.5
23/10/2020, 1:44:00 am,C,17.375
23/10/2020, 1:59:00 am,C,17.375
23/10/2020, 2:14:00 am,C,17.25
23/10/2020, 2:29:00 am,C,17.25
23/10/2020, 2:44:00 am,C,17.25
23/10/2020, 2:59:00 am,C,17.25
23/10/2020, 3:14:00 am,C,17.25
23/10/2020, 3:29:00 am,C,17.25
23/10/2020, 3:44:00 am,C,17.25
23/10/2020, 3:59:00 am,C,17.125
23/10/2020, 4:14:00 am,C,17.125
23/10/2020, 4:29:00 am,C,17.125
23/10/2020, 4:44:00 am,C,17
23/10/2020, 4:59:00 am,C,16.875
23/10/2020, 5:14:00 am,C,16.75
23/10/2020, 5:29:00 am,C,16.75
23/10/2020, 5:44:00 am,C,16.625
23/10/2020, 5:59:00 am,C,16.625
23/10/2020, 6:14:00 am,C,16.625
23/10/2020, 6:29:00 am,C,16.625
23/10/2020, 6:44:00 am,C,16.625
23/10/2020, 6:59:00 am,C,16.5
23/10/2020, 7:14:00 am,C,16.25
23/10/2020, 7:29:00 am,C,16.375
23/10/2020, 7:44:00 am,C,16.5
23/10/2020, 7:59:00 am,C,16.625
23/10/2020, 8:14:00 am,C,16.625
23/10/2020, 8:29:00 am,C,16.75
23/10/2020, 8:44:00 am,C,16.875
23/10/2020, 8:59:00 am,C,16.875
23/10/2020, 9:14:00 am,C,17
23/10/2020, 9:29:00 am,C,17
23/10/2020, 9:44:00 am,C,17.25
23/10/2020, 9:59:00 am,C,17.5
23/10/2020, 10:14:00 am,C,17.625
23/10/2020, 10:29:00 am,C,17.5
23/10/2020, 10:44:00 am,C,17.5
23/10/2020, 10:59:00 am,C,17.375
23/10/2020, 11:14:00 am,C,17.5
23/10/2020, 11:29:00 am,C,17.5
23/10/2020, 11:44:00 am,C,17.5
23/10/2020, 11:59:00 am,C,17.5
23/10/2020, 12:14:00 pm,C,17.5
23/10/2020, 12:29:00 pm,C,17.625
23/10/2020, 12:44:00 pm,C,17.75
23/10/2020, 12:59:00 pm,C,17.625
23/10/2020, 1:14:00 pm,C,17.625
23/10/2020, 1:29:00 pm,C,17.625
23/10/2020, 1:44:00 pm,C,17.625
23/10/2020, 1:59:00 pm,C,17.625
23/10/2020, 2:14:00 pm,C,17.5
23/10/2020, 2:29:00 pm,C,17.625
23/10/2020, 2:44:00 pm,C,17.5
23/10/2020, 2:59:00 pm,C,17.625
23/10/2020, 3:14:00 pm,C,17.625
23/10/2020, 3:29:00 pm,C,17.625
23/10/2020, 3:44:00 pm,C,17.625
23/10/2020, 3:59:00 pm,C,17.625
23/10/2020, 4:14:00 pm,C,17.625
23/10/2020, 4:29:00 pm,C,17.625
23/10/2020, 4:44:00 pm,C,17.5
23/10/2020, 4:59:00 pm,C,17.5
23/10/2020, 5:14:00 pm,C,17.375
23/10/2020, 5:29:00 pm,C,17.375
23/10/2020, 5:44:00 pm,C,17.375
23/10/2020, 5:59:00 pm,C,17.375
23/10/2020, 6:14:00 pm,C,17.375
23/10/2020, 6:29:00 pm,C,17.375
23/10/2020, 6:44:00 pm,C,17.375
23/10/2020, 6:59:00 pm,C,17.375
23/10/2020, 7:14:00 pm,C,17.375
23/10/2020, 7:29:00 pm,C,17.375
23/10/2020, 7:44:00 pm,C,17.5
23/10/2020, 7:59:00 pm,C,17.5
23/10/2020, 8:14:00 pm,C,17.5
23/10/2020, 8:29:00 pm,C,17.375
23/10/2020, 8:44:00 pm,C,17.375
23/10/2020, 8:59:00 pm,C,17.375
23/10/2020, 9:14:00 pm,C,17.25
23/10/2020, 9:29:00 pm,C,17.375
23/10/2020, 9:44:00 pm,C,17.25
23/10/2020, 9:59:00 pm,C,17.25
23/10/2020, 10:14:00 pm,C,17.25
23/10/2020, 10:29:00 pm,C,17.25
23/10/2020, 10:44:00 pm,C,17.25
23/10/2020, 10:59:00 pm,C,17.375
23/10/2020, 11:14:00 pm,C,17.375
23/10/2020, 11:29:00 pm,C,17.25
23/10/2020, 11:44:00 pm,C,17.375
23/10/2020, 11:59:00 pm,C,17.25
24/10/2020, 12:14:00 am,C,17.25
24/10/2020, 12:29:00 am,C,17.375
24/10/2020, 12:44:00 am,C,17.375
24/10/2020, 12:59:00 am,C,17.25
24/10/2020, 1:14:00 am,C,17.125
24/10/2020, 1:29:00 am,C,17.125
24/10/2020, 1:44:00 am,C,17.125
24/10/2020, 1:59:00 am,C,17.125
24/10/2020, 2:14:00 am,C,17.125
24/10/2020, 2:29:00 am,C,17
24/10/2020, 2:44:00 am,C,17.125
24/10/2020, 2:59:00 am,C,17.125
24/10/2020, 3:14:00 am,C,17.125
24/10/2020, 3:29:00 am,C,17.125
24/10/2020, 3:44:00 am,C,17
24/10/2020, 3:59:00 am,C,17
24/10/2020, 4:14:00 am,C,16.875
24/10/2020, 4:29:00 am,C,16.875
24/10/2020, 4:44:00 am,C,16.875
24/10/2020, 4:59:00 am,C,16.875
24/10/2020, 5:14:00 am,C,16.875
24/10/2020, 5:29:00 am,C,16.75
24/10/2020, 5:44:00 am,C,16.75
24/10/2020, 5:59:00 am,C,16.75
24/10/2020, 6:14:00 am,C,16.75
24/10/2020, 6:29:00 am,C,16.75
24/10/2020, 6:44:00 am,C,16.625
24/10/2020, 6:59:00 am,C,16.625
24/10/2020, 7:14:00 am,C,16.625
24/10/2020, 7:29:00 am,C,16.625
24/10/2020, 7:44:00 am,C,16.5
24/10/2020, 7:59:00 am,C,16.5
24/10/2020, 8:14:00 am,C,16.5
24/10/2020, 8:29:00 am,C,16.5
24/10/2020, 8:44:00 am,C,16.625
24/10/2020, 8:59:00 am,C,16.625
24/10/2020, 9:14:00 am,C,16.875
24/10/2020, 9:29:00 am,C,17.125
24/10/2020, 9:44:00 am,C,17.375
24/10/2020, 9:59:00 am,C,17.625
24/10/2020, 10:14:00 am,C,17.75
24/10/2020, 10:29:00 am,C,18
24/10/2020, 10:44:00 am,C,18
24/10/2020, 10:59:00 am,C,17.875
24/10/2020, 11:14:00 am,C,17.875
24/10/2020, 11:29:00 am,C,18
24/10/2020, 11:44:00 am,C,18.125
24/10/2020, 11:59:00 am,C,18
24/10/2020, 12:14:00 pm,C,17.875
24/10/2020, 12:29:00 pm,C,18
24/10/2020, 12:44:00 pm,C,18
24/10/2020, 12:59:00 pm,C,17.875
24/10/2020, 1:14:00 pm,C,17.75
24/10/2020, 1:29:00 pm,C,17.875
24/10/2020, 1:44:00 pm,C,18
24/10/2020, 1:59:00 pm,C,18
24/10/2020, 2:14:00 pm,C,18.125
24/10/2020, 2:29:00 pm,C,18
24/10/2020, 2:44:00 pm,C,18.125
24/10/2020, 2:59:00 pm,C,18.125
24/10/2020, 3:14:00 pm,C,18
24/10/2020, 3:29:00 pm,C,18.125
24/10/2020, 3:44:00 pm,C,18.125
24/10/2020, 3:59:00 pm,C,18
24/10/2020, 4:14:00 pm,C,18
24/10/2020, 4:29:00 pm,C,18
24/10/2020, 4:44:00 pm,C,18
24/10/2020, 4:59:00 pm,C,18
24/10/2020, 5:14:00 pm,C,17.75
24/10/2020, 5:29:00 pm,C,17.875
24/10/2020, 5:44:00 pm,C,18.125
24/10/2020, 5:59:00 pm,C,18.125
24/10/2020, 6:14:00 pm,C,18.125
24/10/2020, 6:29:00 pm,C,18.125
24/10/2020, 6:44:00 pm,C,18.125
24/10/2020, 6:59:00 pm,C,18.125
24/10/2020, 7:14:00 pm,C,18.25
24/10/2020, 7:29:00 pm,C,18.25
24/10/2020, 7:44:00 pm,C,18.25
24/10/2020, 7:59:00 pm,C,18.375
24/10/2020, 8:14:00 pm,C,18.375
24/10/2020, 8:29:00 pm,C,18.375
24/10/2020, 8:44:00 pm,C,18.375
24/10/2020, 8:59:00 pm,C,18.25
24/10/2020, 9:14:00 pm,C,18.125
24/10/2020, 9:29:00 pm,C,18.125
24/10/2020, 9:44:00 pm,C,18.125
24/10/2020, 9:59:00 pm,C,18.125
24/10/2020, 10:14:00 pm,C,18
24/10/2020, 10:29:00 pm,C,18.125
24/10/2020, 10:44:00 pm,C,18.125
24/10/2020, 10:59:00 pm,C,18
24/10/2020, 11:14:00 pm,C,18
24/10/2020, 11:29:00 pm,C,18
24/10/2020, 11:44:00 pm,C,18
24/10/2020, 11:59:00 pm,C,18.125
25/10/2020, 12:14:00 am,C,18.125
25/10/2020, 12:29:00 am,C,18.125
25/10/2020, 12:44:00 am,C,18.25
25/10/2020, 12:59:00 am,C,18.25
25/10/2020, 1:14:00 am,C,18.25
25/10/2020, 1:29:00 am,C,18
25/10/2020, 1:44:00 am,C,18.125
25/10/2020, 1:59:00 am,C,18.125
25/10/2020, 2:14:00 am,C,18
25/10/2020, 2:29:00 am,C,18.125
25/10/2020, 2:44:00 am,C,18.125
25/10/2020, 2:59:00 am,C,18.25
25/10/2020, 3:14:00 am,C,18.125
25/10/2020, 3:29:00 am,C,18.25
25/10/2020, 3:44:00 am,C,18.125
25/10/2020, 3:59:00 am,C,18.125
25/10/2020, 4:14:00 am,C,18.125
25/10/2020, 4:29:00 am,C,18.125
25/10/2020, 4:44:00 am,C,18
25/10/2020, 4:59:00 am,C,18
25/10/2020, 5:14:00 am,C,18
25/10/2020, 5:29:00 am,C,18
25/10/2020, 5:44:00 am,C,17.875
25/10/2020, 5:59:00 am,C,17.875
25/10/2020, 6:14:00 am,C,17.75
25/10/2020, 6:29:00 am,C,17.625
25/10/2020, 6:44:00 am,C,17.5
25/10/2020, 6:59:00 am,C,17.5
25/10/2020, 7:14:00 am,C,17.5
25/10/2020, 7:29:00 am,C,17.5
25/10/2020, 7:44:00 am,C,17.5
25/10/2020, 7:59:00 am,C,17.5
25/10/2020, 8:14:00 am,C,17.75
25/10/2020, 8:29:00 am,C,17.75
25/10/2020, 8:44:00 am,C,17.875
25/10/2020, 8:59:00 am,C,18
25/10/2020, 9:14:00 am,C,18.125
25/10/2020, 9:29:00 am,C,18.125
25/10/2020, 9:44:00 am,C,18.5
25/10/2020, 9:59:00 am,C,18.75
25/10/2020, 10:14:00 am,C,18.75
25/10/2020, 10:29:00 am,C,19
25/10/2020, 10:44:00 am,C,19.625
25/10/2020, 10:59:00 am,C,19.5
25/10/2020, 11:14:00 am,C,19.625
25/10/2020, 11:29:00 am,C,19.25
25/10/2020, 11:44:00 am,C,19.25
25/10/2020, 11:59:00 am,C,19.25
25/10/2020, 12:14:00 pm,C,19.25
25/10/2020, 12:29:00 pm,C,19.5
25/10/2020, 12:44:00 pm,C,19.375
25/10/2020, 12:59:00 pm,C,19.375
25/10/2020, 1:14:00 pm,C,19.375
25/10/2020, 1:29:00 pm,C,19.375
25/10/2020, 1:44:00 pm,C,19.375
25/10/2020, 1:59:00 pm,C,19.25
25/10/2020, 2:14:00 pm,C,19.375
25/10/2020, 2:29:00 pm,C,19.375
25/10/2020, 2:44:00 pm,C,19.5
25/10/2020, 2:59:00 pm,C,19.375
25/10/2020, 3:14:00 pm,C,19.5
25/10/2020, 3:29:00 pm,C,19.375
25/10/2020, 3:44:00 pm,C,19.375
25/10/2020, 3:59:00 pm,C,19.375
25/10/2020, 4:14:00 pm,C,19.375
25/10/2020, 4:29:00 pm,C,19.25
25/10/2020, 4:44:00 pm,C,19.25
25/10/2020, 4:59:00 pm,C,19.25
25/10/2020, 5:14:00 pm,C,19.125
25/10/2020, 5:29:00 pm,C,19
25/10/2020, 5:44:00 pm,C,19
25/10/2020, 5:59:00 pm,C,19
25/10/2020, 6:14:00 pm,C,19
25/10/2020, 6:29:00 pm,C,18.875
25/10/2020, 6:44:00 pm,C,18.75
25/10/2020, 6:59:00 pm,C,18.75
25/10/2020, 7:14:00 pm,C,18.75
25/10/2020, 7:29:00 pm,C,18.75
25/10/2020, 7:44:00 pm,C,18.75
25/10/2020, 7:59:00 pm,C,18.875
25/10/2020, 8:14:00 pm,C,18.75
25/10/2020, 8:29:00 pm,C,18.875
25/10/2020, 8:44:00 pm,C,18.875
25/10/2020, 8:59:00 pm,C,18.875
25/10/2020, 9:14:00 pm,C,18.875
25/10/2020, 9:29:00 pm,C,18.875
25/10/2020, 9:44:00 pm,C,18.875
25/10/2020, 9:59:00 pm,C,18.875
25/10/2020, 10:14:00 pm,C,18.875
25/10/2020, 10:29:00 pm,C,18.875
25/10/2020, 10:44:00 pm,C,18.875
25/10/2020, 10:59:00 pm,C,18.875
25/10/2020, 11:14:00 pm,C,18.875
25/10/2020, 11:29:00 pm,C,18.875
25/10/2020, 11:44:00 pm,C,18.875
25/10/2020, 11:59:00 pm,C,19
26/10/2020, 12:14:00 am,C,18.875
26/10/2020, 12:29:00 am,C,18.875
26/10/2020, 12:44:00 am,C,18.75
26/10/2020, 12:59:00 am,C,18.625
26/10/2020, 1:14:00 am,C,18.625
26/10/2020, 1:29:00 am,C,18.625
26/10/2020, 1:44:00 am,C,18.625
26/10/2020, 1:59:00 am,C,18.5
26/10/2020, 2:14:00 am,C,18.5
26/10/2020, 2:29:00 am,C,18.5
26/10/2020, 2:44:00 am,C,18.5
26/10/2020, 2:59:00 am,C,18.375
26/10/2020, 3:14:00 am,C,18.375
26/10/2020, 3:29:00 am,C,18.375
26/10/2020, 3:44:00 am,C,18.25
26/10/2020, 3:59:00 am,C,18.375
26/10/2020, 4:14:00 am,C,18.25
26/10/2020, 4:29:00 am,C,18.25
26/10/2020, 4:44:00 am,C,18.25
26/10/2020, 4:59:00 am,C,18.125
26/10/2020, 5:14:00 am,C,18.125
26/10/2020, 5:29:00 am,C,18
26/10/2020, 5:44:00 am,C,17.875
26/10/2020, 5:59:00 am,C,17.875
26/10/2020, 6:14:00 am,C,17.875
26/10/2020, 6:29:00 am,C,17.875
26/10/2020, 6:44:00 am,C,17.875
26/10/2020, 6:59:00 am,C,18
26/10/2020, 7:14:00 am,C,18
26/10/2020, 7:29:00 am,C,18.125
26/10/2020, 7:44:00 am,C,18.25
26/10/2020, 7:59:00 am,C,18.25
26/10/2020, 8:14:00 am,C,18.375
26/10/2020, 8:29:00 am,C,18.5
26/10/2020, 8:44:00 am,C,18.625
26/10/2020, 8:59:00 am,C,18.625
26/10/2020, 9:14:00 am,C,18.75
26/10/2020, 9:29:00 am,C,18.875
26/10/2020, 9:44:00 am,C,19.125
26/10/2020, 9:59:00 am,C,19.375
26/10/2020, 10:14:00 am,C,19.5
26/10/2020, 10:29:00 am,C,19.5
26/10/2020, 10:44:00 am,C,19.75
26/10/2020, 10:59:00 am,C,20
26/10/2020, 11:14:00 am,C,19.875
26/10/2020, 11:29:00 am,C,19.875
26/10/2020, 11:44:00 am,C,19.875
26/10/2020, 11:59:00 am,C,20.125
26/10/2020, 12:14:00 pm,C,20
26/10/2020, 12:29:00 pm,C,20.125
26/10/2020, 12:44:00 pm,C,20.125
26/10/2020, 12:59:00 pm,C,20.25
26/10/2020, 1:14:00 pm,C,20.25
26/10/2020, 1:29:00 pm,C,20.25
26/10/2020, 1:44:00 pm,C,20.5
26/10/2020, 1:59:00 pm,C,20.625
26/10/2020, 2:14:00 pm,C,20.5
26/10/2020, 2:29:00 pm,C,20.375
26/10/2020, 2:44:00 pm,C,20.375
26/10/2020, 2:59:00 pm,C,20.375
26/10/2020, 3:14:00 pm,C,20.375
26/10/2020, 3:29:00 pm,C,20.25
26/10/2020, 3:44:00 pm,C,20.25
26/10/2020, 3:59:00 pm,C,20.125
26/10/2020, 4:14:00 pm,C,20.125
26/10/2020, 4:29:00 pm,C,20.125
26/10/2020, 4:44:00 pm,C,20
26/10/2020, 4:59:00 pm,C,20
26/10/2020, 5:14:00 pm,C,20
26/10/2020, 5:29:00 pm,C,19.875
26/10/2020, 5:44:00 pm,C,19.75
26/10/2020, 5:59:00 pm,C,19.625
26/10/2020, 6:14:00 pm,C,19.5
26/10/2020, 6:29:00 pm,C,19.375
26/10/2020, 6:44:00 pm,C,19.375
26/10/2020, 6:59:00 pm,C,19.25
26/10/2020, 7:14:00 pm,C,19.125
26/10/2020, 7:29:00 pm,C,19.125
26/10/2020, 7:44:00 pm,C,19
26/10/2020, 7:59:00 pm,C,19
26/10/2020, 8:14:00 pm,C,18.875
26/10/2020, 8:29:00 pm,C,18.75
26/10/2020, 8:44:00 pm,C,18.75
26/10/2020, 8:59:00 pm,C,18.75
26/10/2020, 9:14:00 pm,C,18.75
26/10/2020, 9:29:00 pm,C,18.75
26/10/2020, 9:44:00 pm,C,18.75
26/10/2020, 9:59:00 pm,C,18.75
26/10/2020, 10:14:00 pm,C,18.75
26/10/2020, 10:29:00 pm,C,18.75
26/10/2020, 10:44:00 pm,C,18.875
26/10/2020, 10:59:00 pm,C,18.875
26/10/2020, 11:14:00 pm,C,18.75
26/10/2020, 11:29:00 pm,C,18.75
26/10/2020, 11:44:00 pm,C,18.875
26/10/2020, 11:59:00 pm,C,18.875
27/10/2020, 12:14:00 am,C,18.875
27/10/2020, 12:29:00 am,C,18.625
27/10/2020, 12:44:00 am,C,18.625
27/10/2020, 12:59:00 am,C,18.625
27/10/2020, 1:14:00 am,C,18.75
27/10/2020, 1:29:00 am,C,18.75
27/10/2020, 1:44:00 am,C,18.625
27/10/2020, 1:59:00 am,C,18.625
27/10/2020, 2:14:00 am,C,18.5
27/10/2020, 2:29:00 am,C,18.5
27/10/2020, 2:44:00 am,C,18.5
27/10/2020, 2:59:00 am,C,18.5
27/10/2020, 3:14:00 am,C,18.5
27/10/2020, 3:29:00 am,C,18.625
27/10/2020, 3:44:00 am,C,18.625
27/10/2020, 3:59:00 am,C,18.625
27/10/2020, 4:14:00 am,C,18.625
27/10/2020, 4:29:00 am,C,18.625
27/10/2020, 4:44:00 am,C,18.625
27/10/2020, 4:59:00 am,C,18.75
27/10/2020, 5:14:00 am,C,18.625
27/10/2020, 5:29:00 am,C,18.625
27/10/2020, 5:44:00 am,C,18.625
27/10/2020, 5:59:00 am,C,18.625
27/10/2020, 6:14:00 am,C,18.75
27/10/2020, 6:29:00 am,C,18.75
27/10/2020, 6:44:00 am,C,18.75
27/10/2020, 6:59:00 am,C,18.75
27/10/2020, 7:14:00 am,C,18.75
27/10/2020, 7:29:00 am,C,18.625
27/10/2020, 7:44:00 am,C,18.625
27/10/2020, 7:59:00 am,C,18.625
27/10/2020, 8:14:00 am,C,18.625
27/10/2020, 8:29:00 am,C,18.75
27/10/2020, 8:44:00 am,C,18.875
27/10/2020, 8:59:00 am,C,18.875
27/10/2020, 9:14:00 am,C,19
27/10/2020, 9:29:00 am,C,19.125
27/10/2020, 9:44:00 am,C,19.25
27/10/2020, 9:59:00 am,C,19.25
27/10/2020, 10:14:00 am,C,19.625
27/10/2020, 10:29:00 am,C,19.75
27/10/2020, 10:44:00 am,C,20.125
27/10/2020, 10:59:00 am,C,20.375
27/10/2020, 11:14:00 am,C,21
27/10/2020, 11:29:00 am,C,21.125
27/10/2020, 11:44:00 am,C,21.125
27/10/2020, 11:59:00 am,C,20.875
27/10/2020, 12:14:00 pm,C,20.875
27/10/2020, 12:29:00 pm,C,21.25
27/10/2020, 12:44:00 pm,C,21.125
27/10/2020, 12:59:00 pm,C,21.125
27/10/2020, 1:14:00 pm,C,21
27/10/2020, 1:29:00 pm,C,20.75
27/10/2020, 1:44:00 pm,C,21.125
27/10/2020, 1:59:00 pm,C,21.25
27/10/2020, 2:14:00 pm,C,21.25
27/10/2020, 2:29:00 pm,C,21
27/10/2020, 2:44:00 pm,C,20.75
27/10/2020, 2:59:00 pm,C,20.625
27/10/2020, 3:14:00 pm,C,20.625
27/10/2020, 3:29:00 pm,C,20.625
27/10/2020, 3:44:00 pm,C,20.5
27/10/2020, 3:59:00 pm,C,20.5
27/10/2020, 4:14:00 pm,C,20.5
27/10/2020, 4:29:00 pm,C,20.375
27/10/2020, 4:44:00 pm,C,20.375
27/10/2020, 4:59:00 pm,C,20.25
27/10/2020, 5:14:00 pm,C,20.25
27/10/2020, 5:29:00 pm,C,20.125
27/10/2020, 5:44:00 pm,C,20.125
27/10/2020, 5:59:00 pm,C,20
27/10/2020, 6:14:00 pm,C,19.875
27/10/2020, 6:29:00 pm,C,19.875
27/10/2020, 6:44:00 pm,C,19.75
27/10/2020, 6:59:00 pm,C,19.75
27/10/2020, 7:14:00 pm,C,19.625
27/10/2020, 7:29:00 pm,C,19.625
27/10/2020, 7:44:00 pm,C,19.375
27/10/2020, 7:59:00 pm,C,19.375
27/10/2020, 8:14:00 pm,C,19.375
27/10/2020, 8:29:00 pm,C,19.25
27/10/2020, 8:44:00 pm,C,19.25
27/10/2020, 8:59:00 pm,C,19.25
27/10/2020, 9:14:00 pm,C,19.125
27/10/2020, 9:29:00 pm,C,19.125
27/10/2020, 9:44:00 pm,C,19.125
27/10/2020, 9:59:00 pm,C,19.125
27/10/2020, 10:14:00 pm,C,19.25
27/10/2020, 10:29:00 pm,C,19.25
27/10/2020, 10:44:00 pm,C,19.125
27/10/2020, 10:59:00 pm,C,19
27/10/2020, 11:14:00 pm,C,18.875
27/10/2020, 11:29:00 pm,C,18.875
27/10/2020, 11:44:00 pm,C,18.875
27/10/2020, 11:59:00 pm,C,18.875
28/10/2020, 12:14:00 am,C,19
28/10/2020, 12:29:00 am,C,19
28/10/2020, 12:44:00 am,C,19.25
28/10/2020, 12:59:00 am,C,19.25
28/10/2020, 1:14:00 am,C,19.25
28/10/2020, 1:29:00 am,C,19.25
28/10/2020, 1:44:00 am,C,19.25
28/10/2020, 1:59:00 am,C,19.25
28/10/2020, 2:14:00 am,C,19.25
28/10/2020, 2:29:00 am,C,19.25
28/10/2020, 2:44:00 am,C,19.25
28/10/2020, 2:59:00 am,C,19.25
28/10/2020, 3:14:00 am,C,19.125
28/10/2020, 3:29:00 am,C,19.25
28/10/2020, 3:44:00 am,C,19.25
28/10/2020, 3:59:00 am,C,19.25
28/10/2020, 4:14:00 am,C,19.25
28/10/2020, 4:29:00 am,C,19.25
28/10/2020, 4:44:00 am,C,19.375
28/10/2020, 4:59:00 am,C,19.375
28/10/2020, 5:14:00 am,C,19.5
28/10/2020, 5:29:00 am,C,19.375
28/10/2020, 5:44:00 am,C,19.375
28/10/2020, 5:59:00 am,C,19.625
28/10/2020, 6:14:00 am,C,19.625
28/10/2020, 6:29:00 am,C,19.5
28/10/2020, 6:44:00 am,C,19.125
28/10/2020, 6:59:00 am,C,18.875
28/10/2020, 7:14:00 am,C,18.875
28/10/2020, 7:29:00 am,C,18.75
28/10/2020, 7:44:00 am,C,18.75
28/10/2020, 7:59:00 am,C,19
28/10/2020, 8:14:00 am,C,19
28/10/2020, 8:29:00 am,C,19.125
28/10/2020, 8:44:00 am,C,19.25
28/10/2020, 8:59:00 am,C,19.5
28/10/2020, 9:14:00 am,C,19.5
28/10/2020, 9:29:00 am,C,19.875
28/10/2020, 9:44:00 am,C,19.875
28/10/2020, 9:59:00 am,C,19.625
28/10/2020, 10:14:00 am,C,19.625
28/10/2020, 10:29:00 am,C,19.75
28/10/2020, 10:44:00 am,C,19.875
28/10/2020, 10:59:00 am,C,19.75
28/10/2020, 11:14:00 am,C,20
28/10/2020, 11:29:00 am,C,20.375
28/10/2020, 11:44:00 am,C,20.25
28/10/2020, 11:59:00 am,C,20.125
28/10/2020, 12:14:00 pm,C,20.375
28/10/2020, 12:29:00 pm,C,20.125
28/10/2020, 12:44:00 pm,C,20.25
28/10/2020, 12:59:00 pm,C,20.25
28/10/2020, 1:14:00 pm,C,20.5
28/10/2020, 1:29:00 pm,C,20.875
28/10/2020, 1:44:00 pm,C,20.625
28/10/2020, 1:59:00 pm,C,20.5
28/10/2020, 2:14:00 pm,C,20.5
28/10/2020, 2:29:00 pm,C,20.375
28/10/2020, 2:44:00 pm,C,20.25
28/10/2020, 2:59:00 pm,C,20.125
28/10/2020, 3:14:00 pm,C,20.125
28/10/2020, 3:29:00 pm,C,20
28/10/2020, 3:44:00 pm,C,19.875
28/10/2020, 3:59:00 pm,C,19.75
28/10/2020, 4:14:00 pm,C,19.75
28/10/2020, 4:29:00 pm,C,19.5
28/10/2020, 4:44:00 pm,C,19.5
28/10/2020, 4:59:00 pm,C,19.375
28/10/2020, 5:14:00 pm,C,19.375
28/10/2020, 5:29:00 pm,C,19.375
28/10/2020, 5:44:00 pm,C,19.25
28/10/2020, 5:59:00 pm,C,19.25
28/10/2020, 6:14:00 pm,C,19.125
28/10/2020, 6:29:00 pm,C,19
28/10/2020, 6:44:00 pm,C,19.125
28/10/2020, 6:59:00 pm,C,19.125
28/10/2020, 7:14:00 pm,C,19.125
28/10/2020, 7:29:00 pm,C,19.125
28/10/2020, 7:44:00 pm,C,19.125
28/10/2020, 7:59:00 pm,C,19.125
28/10/2020, 8:14:00 pm,C,19.125
28/10/2020, 8:29:00 pm,C,19.25
28/10/2020, 8:44:00 pm,C,19.25
28/10/2020, 8:59:00 pm,C,19.25
28/10/2020, 9:14:00 pm,C,19.25
28/10/2020, 9:29:00 pm,C,19.25
28/10/2020, 9:44:00 pm,C,19.25
28/10/2020, 9:59:00 pm,C,19.125
28/10/2020, 10:14:00 pm,C,19.25
28/10/2020, 10:29:00 pm,C,19.125
28/10/2020, 10:44:00 pm,C,19.125
28/10/2020, 10:59:00 pm,C,19
28/10/2020, 11:14:00 pm,C,19
28/10/2020, 11:29:00 pm,C,19
28/10/2020, 11:44:00 pm,C,18.875
28/10/2020, 11:59:00 pm,C,19
29/10/2020, 12:14:00 am,C,19
29/10/2020, 12:29:00 am,C,19
29/10/2020, 12:44:00 am,C,19
29/10/2020, 12:59:00 am,C,19
29/10/2020, 1:14:00 am,C,18.875
29/10/2020, 1:29:00 am,C,18.875
29/10/2020, 1:44:00 am,C,18.875
29/10/2020, 1:59:00 am,C,18.875
29/10/2020, 2:14:00 am,C,19
29/10/2020, 2:29:00 am,C,19
29/10/2020, 2:44:00 am,C,18.875
29/10/2020, 2:59:00 am,C,19
29/10/2020, 3:14:00 am,C,18.875
29/10/2020, 3:29:00 am,C,18.875
29/10/2020, 3:44:00 am,C,18.75
29/10/2020, 3:59:00 am,C,18.75
29/10/2020, 4:14:00 am,C,18.625
29/10/2020, 4:29:00 am,C,18.375
29/10/2020, 4:44:00 am,C,18.125
29/10/2020, 4:59:00 am,C,18
29/10/2020, 5:14:00 am,C,18
29/10/2020, 5:29:00 am,C,17.875
29/10/2020, 5:44:00 am,C,17.75
29/10/2020, 5:59:00 am,C,17.875
29/10/2020, 6:14:00 am,C,17.625
29/10/2020, 6:29:00 am,C,17.75
29/10/2020, 6:44:00 am,C,18
29/10/2020, 6:59:00 am,C,17.875
29/10/2020, 7:14:00 am,C,18
29/10/2020, 7:29:00 am,C,18.125
29/10/2020, 7:44:00 am,C,18.25
29/10/2020, 7:59:00 am,C,18.375
29/10/2020, 8:14:00 am,C,18.5
29/10/2020, 8:29:00 am,C,18.75
29/10/2020, 8:44:00 am,C,19
29/10/2020, 8:59:00 am,C,19.25
29/10/2020, 9:14:00 am,C,19.375
29/10/2020, 9:29:00 am,C,19.125
29/10/2020, 9:44:00 am,C,19.125
29/10/2020, 9:59:00 am,C,19.125
29/10/2020, 10:14:00 am,C,19.125
29/10/2020, 10:29:00 am,C,19
29/10/2020, 10:44:00 am,C,19
29/10/2020, 10:59:00 am,C,19
29/10/2020, 11:14:00 am,C,18.875
29/10/2020, 11:29:00 am,C,19
29/10/2020, 11:44:00 am,C,19
29/10/2020, 11:59:00 am,C,19
29/10/2020, 12:14:00 pm,C,19.25
29/10/2020, 12:29:00 pm,C,19.375
29/10/2020, 12:44:00 pm,C,19.375
29/10/2020, 12:59:00 pm,C,19.5
29/10/2020, 1:14:00 pm,C,19.5
29/10/2020, 1:29:00 pm,C,19.625
29/10/2020, 1:44:00 pm,C,19.625
29/10/2020, 1:59:00 pm,C,19.75
29/10/2020, 2:14:00 pm,C,19.75
29/10/2020, 2:29:00 pm,C,19.875
29/10/2020, 2:44:00 pm,C,19.875
29/10/2020, 2:59:00 pm,C,19.875
29/10/2020, 3:14:00 pm,C,19.875
29/10/2020, 3:29:00 pm,C,20
29/10/2020, 3:44:00 pm,C,19.875
29/10/2020, 3:59:00 pm,C,19.875
29/10/2020, 4:14:00 pm,C,19.875
29/10/2020, 4:29:00 pm,C,19.875
29/10/2020, 4:44:00 pm,C,19.875
29/10/2020, 4:59:00 pm,C,19.875
29/10/2020, 5:14:00 pm,C,19.875
29/10/2020, 5:29:00 pm,C,19.875
29/10/2020, 5:44:00 pm,C,19.75
29/10/2020, 5:59:00 pm,C,19.75
29/10/2020, 6:14:00 pm,C,19.625
29/10/2020, 6:29:00 pm,C,19.5
29/10/2020, 6:44:00 pm,C,19.375
29/10/2020, 6:59:00 pm,C,19.375
29/10/2020, 7:14:00 pm,C,19.375
29/10/2020, 7:29:00 pm,C,19.375
29/10/2020, 7:44:00 pm,C,19.375
29/10/2020, 7:59:00 pm,C,19.25
29/10/2020, 8:14:00 pm,C,19.25
29/10/2020, 8:29:00 pm,C,19.25
29/10/2020, 8:44:00 pm,C,19.375
29/10/2020, 8:59:00 pm,C,19.375
29/10/2020, 9:14:00 pm,C,19.375
29/10/2020, 9:29:00 pm,C,19.375
29/10/2020, 9:44:00 pm,C,19.375
29/10/2020, 9:59:00 pm,C,19.375
29/10/2020, 10:14:00 pm,C,19.375
29/10/2020, 10:29:00 pm,C,19.5
29/10/2020, 10:44:00 pm,C,19.5
29/10/2020, 10:59:00 pm,C,19.375
29/10/2020, 11:14:00 pm,C,19.375
29/10/2020, 11:29:00 pm,C,19.375
29/10/2020, 11:44:00 pm,C,19.25
29/10/2020, 11:59:00 pm,C,19.25
30/10/2020, 12:14:00 am,C,19.25
30/10/2020, 12:29:00 am,C,19.25
30/10/2020, 12:44:00 am,C,19.25
30/10/2020, 12:59:00 am,C,19.25
30/10/2020, 1:14:00 am,C,19.25
30/10/2020, 1:29:00 am,C,19.25
30/10/2020, 1:44:00 am,C,19.25
30/10/2020, 1:59:00 am,C,19.25
30/10/2020, 2:14:00 am,C,19.125
30/10/2020, 2:29:00 am,C,19.125
30/10/2020, 2:44:00 am,C,19.125
30/10/2020, 2:59:00 am,C,19.125
30/10/2020, 3:14:00 am,C,19.125
30/10/2020, 3:29:00 am,C,19.125
30/10/2020, 3:44:00 am,C,19
30/10/2020, 3:59:00 am,C,19
30/10/2020, 4:14:00 am,C,19
30/10/2020, 4:29:00 am,C,19
30/10/2020, 4:44:00 am,C,19
30/10/2020, 4:59:00 am,C,18.875
30/10/2020, 5:14:00 am,C,18.875
30/10/2020, 5:29:00 am,C,18.875
30/10/2020, 5:44:00 am,C,18.875
30/10/2020, 5:59:00 am,C,18.875
30/10/2020, 6:14:00 am,C,18.875
30/10/2020, 6:29:00 am,C,18.875
30/10/2020, 6:44:00 am,C,18.875
30/10/2020, 6:59:00 am,C,18.75
30/10/2020, 7:14:00 am,C,18.75
30/10/2020, 7:29:00 am,C,18.625
30/10/2020, 7:44:00 am,C,18.75
30/10/2020, 7:59:00 am,C,18.625
30/10/2020, 8:14:00 am,C,18.625
30/10/2020, 8:29:00 am,C,18.625
30/10/2020, 8:44:00 am,C,18.75
30/10/2020, 8:59:00 am,C,19.125
30/10/2020, 9:14:00 am,C,19.125
30/10/2020, 9:29:00 am,C,19.25
30/10/2020, 9:44:00 am,C,19.5
30/10/2020, 9:59:00 am,C,19.625
30/10/2020, 10:14:00 am,C,19.75
30/10/2020, 10:29:00 am,C,19.875
30/10/2020, 10:44:00 am,C,19.875
30/10/2020, 10:59:00 am,C,19.75
30/10/2020, 11:14:00 am,C,19.75
30/10/2020, 11:29:00 am,C,19.75
30/10/2020, 11:44:00 am,C,19.625
30/10/2020, 11:59:00 am,C,19.75
30/10/2020, 12:14:00 pm,C,19.875
30/10/2020, 12:29:00 pm,C,19.75
30/10/2020, 12:44:00 pm,C,19.875
30/10/2020, 12:59:00 pm,C,19.875
30/10/2020, 1:14:00 pm,C,20
30/10/2020, 1:29:00 pm,C,20.125
30/10/2020, 1:44:00 pm,C,20.25
30/10/2020, 1:59:00 pm,C,20.25
30/10/2020, 2:14:00 pm,C,20.25
30/10/2020, 2:29:00 pm,C,20.25
30/10/2020, 2:44:00 pm,C,20.375
30/10/2020, 2:59:00 pm,C,20.25
30/10/2020, 3:14:00 pm,C,20.25
30/10/2020, 3:29:00 pm,C,20.25
30/10/2020, 3:44:00 pm,C,20.125
30/10/2020, 3:59:00 pm,C,20.125
30/10/2020, 4:14:00 pm,C,20.125
30/10/2020, 4:29:00 pm,C,20.125
30/10/2020, 4:44:00 pm,C,20.125
30/10/2020, 4:59:00 pm,C,20.125
30/10/2020, 5:14:00 pm,C,20
30/10/2020, 5:29:00 pm,C,20
30/10/2020, 5:44:00 pm,C,19.875
30/10/2020, 5:59:00 pm,C,19.75
30/10/2020, 6:14:00 pm,C,19.625
30/10/2020, 6:29:00 pm,C,19.5
30/10/2020, 6:44:00 pm,C,19.375
30/10/2020, 6:59:00 pm,C,19.375
30/10/2020, 7:14:00 pm,C,19.25
30/10/2020, 7:29:00 pm,C,19.25
30/10/2020, 7:44:00 pm,C,19.125
30/10/2020, 7:59:00 pm,C,19.125
30/10/2020, 8:14:00 pm,C,19
30/10/2020, 8:29:00 pm,C,19
30/10/2020, 8:44:00 pm,C,19
30/10/2020, 8:59:00 pm,C,18.875
30/10/2020, 9:14:00 pm,C,18.875
30/10/2020, 9:29:00 pm,C,18.875
30/10/2020, 9:44:00 pm,C,19
30/10/2020, 9:59:00 pm,C,19
30/10/2020, 10:14:00 pm,C,19
30/10/2020, 10:29:00 pm,C,19
30/10/2020, 10:44:00 pm,C,19
30/10/2020, 10:59:00 pm,C,19.125
30/10/2020, 11:14:00 pm,C,19.125
30/10/2020, 11:29:00 pm,C,19
30/10/2020, 11:44:00 pm,C,19
30/10/2020, 11:59:00 pm,C,19
31/10/2020, 12:14:00 am,C,19
31/10/2020, 12:29:00 am,C,19
31/10/2020, 12:44:00 am,C,19
31/10/2020, 12:59:00 am,C,18.875
31/10/2020, 1:14:00 am,C,18.875
31/10/2020, 1:29:00 am,C,18.875
31/10/2020, 1:44:00 am,C,18.75
31/10/2020, 1:59:00 am,C,18.75
31/10/2020, 2:14:00 am,C,18.75
31/10/2020, 2:29:00 am,C,18.75
31/10/2020, 2:44:00 am,C,18.75
31/10/2020, 2:59:00 am,C,18.75
31/10/2020, 3:14:00 am,C,18.625
31/10/2020, 3:29:00 am,C,18.625
31/10/2020, 3:44:00 am,C,18.625
31/10/2020, 3:59:00 am,C,18.625
31/10/2020, 4:14:00 am,C,18.625
31/10/2020, 4:29:00 am,C,18.625
31/10/2020, 4:44:00 am,C,18.625
31/10/2020, 4:59:00 am,C,18.625
31/10/2020, 5:14:00 am,C,18.625
31/10/2020, 5:29:00 am,C,18.625
31/10/2020, 5:44:00 am,C,18.5
31/10/2020, 5:59:00 am,C,18.5
31/10/2020, 6:14:00 am,C,18.5
31/10/2020, 6:29:00 am,C,18.375
31/10/2020, 6:44:00 am,C,18.375
31/10/2020, 6:59:00 am,C,18.25
31/10/2020, 7:14:00 am,C,18.375
31/10/2020, 7:29:00 am,C,18.375
31/10/2020, 7:44:00 am,C,18.25
31/10/2020, 7:59:00 am,C,18.125
31/10/2020, 8:14:00 am,C,18
31/10/2020, 8:29:00 am,C,17.875
31/10/2020, 8:44:00 am,C,17.875
31/10/2020, 8:59:00 am,C,17.875
31/10/2020, 9:14:00 am,C,17.75
31/10/2020, 9:29:00 am,C,17.75
31/10/2020, 9:44:00 am,C,18
31/10/2020, 9:59:00 am,C,17.875
31/10/2020, 10:14:00 am,C,17.875
31/10/2020, 10:29:00 am,C,18
31/10/2020, 10:44:00 am,C,18.125
31/10/2020, 10:59:00 am,C,18.375
31/10/2020, 11:14:00 am,C,18.625
31/10/2020, 11:29:00 am,C,18.5
31/10/2020, 11:44:00 am,C,18.375
31/10/2020, 11:59:00 am,C,18.75
31/10/2020, 12:14:00 pm,C,19.125
31/10/2020, 12:29:00 pm,C,19.125
31/10/2020, 12:44:00 pm,C,19.125
31/10/2020, 12:59:00 pm,C,19.125
31/10/2020, 1:14:00 pm,C,19
31/10/2020, 1:29:00 pm,C,19.125
31/10/2020, 1:44:00 pm,C,19.25
31/10/2020, 1:59:00 pm,C,19.25
31/10/2020, 2:14:00 pm,C,19.375
31/10/2020, 2:29:00 pm,C,19.375
31/10/2020, 2:44:00 pm,C,19.375
31/10/2020, 2:59:00 pm,C,19.25
31/10/2020, 3:14:00 pm,C,19.25
31/10/2020, 3:29:00 pm,C,19.25
31/10/2020, 3:44:00 pm,C,19.25
31/10/2020, 3:59:00 pm,C,19.125
31/10/2020, 4:14:00 pm,C,19.125
31/10/2020, 4:29:00 pm,C,19.125
31/10/2020, 4:44:00 pm,C,19.125
31/10/2020, 4:59:00 pm,C,19
31/10/2020, 5:14:00 pm,C,19
31/10/2020, 5:29:00 pm,C,18.875
31/10/2020, 5:44:00 pm,C,18.75
31/10/2020, 5:59:00 pm,C,18.625
31/10/2020, 6:14:00 pm,C,18.5
31/10/2020, 6:29:00 pm,C,18.375
31/10/2020, 6:44:00 pm,C,18.25
31/10/2020, 6:59:00 pm,C,18
31/10/2020, 7:14:00 pm,C,18
31/10/2020, 7:29:00 pm,C,17.875
31/10/2020, 7:44:00 pm,C,17.875
31/10/2020, 7:59:00 pm,C,17.75
31/10/2020, 8:14:00 pm,C,17.875
31/10/2020, 8:29:00 pm,C,17.75
31/10/2020, 8:44:00 pm,C,17.625
31/10/2020, 8:59:00 pm,C,17.875
31/10/2020, 9:14:00 pm,C,17.75
31/10/2020, 9:29:00 pm,C,17.75
31/10/2020, 9:44:00 pm,C,18
31/10/2020, 9:59:00 pm,C,17.875
31/10/2020, 10:14:00 pm,C,17.875
31/10/2020, 10:29:00 pm,C,17.875
31/10/2020, 10:44:00 pm,C,17.875
31/10/2020, 10:59:00 pm,C,17.75
31/10/2020, 11:14:00 pm,C,17.75
31/10/2020, 11:29:00 pm,C,17.625
31/10/2020, 11:44:00 pm,C,17.625
31/10/2020, 11:59:00 pm,C,17.625
1/11/2020, 12:14:00 am,C,17.5
1/11/2020, 12:29:00 am,C,17.5
1/11/2020, 12:44:00 am,C,17.5
1/11/2020, 12:59:00 am,C,17.5
1/11/2020, 1:14:00 am,C,17.375
1/11/2020, 1:29:00 am,C,17.25
1/11/2020, 1:44:00 am,C,17.25
1/11/2020, 1:59:00 am,C,17.25
1/11/2020, 2:14:00 am,C,17.375
1/11/2020, 2:29:00 am,C,17.375
1/11/2020, 2:44:00 am,C,17.375
1/11/2020, 2:59:00 am,C,17.375
1/11/2020, 3:14:00 am,C,17.375
1/11/2020, 3:29:00 am,C,17.375
1/11/2020, 3:44:00 am,C,17.375
1/11/2020, 3:59:00 am,C,17.375
1/11/2020, 4:14:00 am,C,17.5
1/11/2020, 4:29:00 am,C,17.5
1/11/2020, 4:44:00 am,C,17.625
1/11/2020, 4:59:00 am,C,17.625
1/11/2020, 5:14:00 am,C,17.5
1/11/2020, 5:29:00 am,C,17.625
1/11/2020, 5:44:00 am,C,17.5
1/11/2020, 5:59:00 am,C,17.5
1/11/2020, 6:14:00 am,C,17.375
1/11/2020, 6:29:00 am,C,17.375
1/11/2020, 6:44:00 am,C,17.25
1/11/2020, 6:59:00 am,C,17.125
1/11/2020, 7:14:00 am,C,17
1/11/2020, 7:29:00 am,C,17
1/11/2020, 7:44:00 am,C,17.125
1/11/2020, 7:59:00 am,C,17.125
1/11/2020, 8:14:00 am,C,17.125
1/11/2020, 8:29:00 am,C,17.25
1/11/2020, 8:44:00 am,C,17.375
1/11/2020, 8:59:00 am,C,17.5
1/11/2020, 9:14:00 am,C,17.625
1/11/2020, 9:29:00 am,C,17.75
1/11/2020, 9:44:00 am,C,18
1/11/2020, 9:59:00 am,C,18.125
1/11/2020, 10:14:00 am,C,18.25
1/11/2020, 10:29:00 am,C,18.375
1/11/2020, 10:44:00 am,C,18.5
1/11/2020, 10:59:00 am,C,18.625
1/11/2020, 11:14:00 am,C,18.875
1/11/2020, 11:29:00 am,C,19.125
1/11/2020, 11:44:00 am,C,19.25
1/11/2020, 11:59:00 am,C,19.25
1/11/2020, 12:14:00 pm,C,19.375
1/11/2020, 12:29:00 pm,C,19.375
1/11/2020, 12:44:00 pm,C,19.625
1/11/2020, 12:59:00 pm,C,19.75
1/11/2020, 1:14:00 pm,C,19.75
1/11/2020, 1:29:00 pm,C,19.75
1/11/2020, 1:44:00 pm,C,19.75
1/11/2020, 1:59:00 pm,C,19.75
1/11/2020, 2:14:00 pm,C,19.875
1/11/2020, 2:29:00 pm,C,19.75
1/11/2020, 2:44:00 pm,C,19.875
1/11/2020, 2:59:00 pm,C,19.875
1/11/2020, 3:14:00 pm,C,19.875
1/11/2020, 3:29:00 pm,C,19.875
1/11/2020, 3:44:00 pm,C,19.75
1/11/2020, 3:59:00 pm,C,19.75
1/11/2020, 4:14:00 pm,C,19.75
1/11/2020, 4:29:00 pm,C,19.75
1/11/2020, 4:44:00 pm,C,19.625
1/11/2020, 4:59:00 pm,C,19.625
1/11/2020, 5:14:00 pm,C,19.5
1/11/2020, 5:29:00 pm,C,19.5
1/11/2020, 5:44:00 pm,C,19.375
1/11/2020, 5:59:00 pm,C,19.25
1/11/2020, 6:14:00 pm,C,19.125
1/11/2020, 6:29:00 pm,C,19
1/11/2020, 6:44:00 pm,C,18.875
1/11/2020, 6:59:00 pm,C,18.75
1/11/2020, 7:14:00 pm,C,18.625
1/11/2020, 7:29:00 pm,C,18.5
1/11/2020, 7:44:00 pm,C,18.25
1/11/2020, 7:59:00 pm,C,18.125
1/11/2020, 8:14:00 pm,C,18.125
1/11/2020, 8:29:00 pm,C,18.125
1/11/2020, 8:44:00 pm,C,18.125
1/11/2020, 8:59:00 pm,C,18.125
1/11/2020, 9:14:00 pm,C,18.125
1/11/2020, 9:29:00 pm,C,18.125
1/11/2020, 9:44:00 pm,C,18
1/11/2020, 9:59:00 pm,C,18.125
1/11/2020, 10:14:00 pm,C,18.125
1/11/2020, 10:29:00 pm,C,18
1/11/2020, 10:44:00 pm,C,18
1/11/2020, 10:59:00 pm,C,18
1/11/2020, 11:14:00 pm,C,18
1/11/2020, 11:29:00 pm,C,17.875
1/11/2020, 11:44:00 pm,C,17.875
1/11/2020, 11:59:00 pm,C,17.875
2/11/2020, 12:14:00 am,C,17.75
2/11/2020, 12:29:00 am,C,17.875
2/11/2020, 12:44:00 am,C,17.75
2/11/2020, 12:59:00 am,C,17.75
2/11/2020, 1:14:00 am,C,17.75
2/11/2020, 1:29:00 am,C,17.75
2/11/2020, 1:44:00 am,C,17.75
2/11/2020, 1:59:00 am,C,17.75
2/11/2020, 2:14:00 am,C,17.75
2/11/2020, 2:29:00 am,C,17.625
2/11/2020, 2:44:00 am,C,17.625
2/11/2020, 2:59:00 am,C,17.625
2/11/2020, 3:14:00 am,C,17.625
2/11/2020, 3:29:00 am,C,17.625
2/11/2020, 3:44:00 am,C,17.625
2/11/2020, 3:59:00 am,C,17.75
2/11/2020, 4:14:00 am,C,17.75
2/11/2020, 4:29:00 am,C,17.875
2/11/2020, 4:44:00 am,C,18.125
2/11/2020, 4:59:00 am,C,18
2/11/2020, 5:14:00 am,C,17.875
2/11/2020, 5:29:00 am,C,17.75
2/11/2020, 5:44:00 am,C,17.875
2/11/2020, 5:59:00 am,C,17.625
2/11/2020, 6:14:00 am,C,17.625
2/11/2020, 6:29:00 am,C,17.5
2/11/2020, 6:44:00 am,C,17.5
2/11/2020, 6:59:00 am,C,17.5
2/11/2020, 7:14:00 am,C,17.5
2/11/2020, 7:29:00 am,C,17.625
2/11/2020, 7:44:00 am,C,17.75
2/11/2020, 7:59:00 am,C,17.875
2/11/2020, 8:14:00 am,C,18
2/11/2020, 8:29:00 am,C,18.125
2/11/2020, 8:44:00 am,C,18.125
2/11/2020, 8:59:00 am,C,18.25
2/11/2020, 9:14:00 am,C,18.375
2/11/2020, 9:29:00 am,C,18.5
2/11/2020, 9:44:00 am,C,18.625
2/11/2020, 9:59:00 am,C,18.75
2/11/2020, 10:14:00 am,C,18.75
2/11/2020, 10:29:00 am,C,18.875
2/11/2020, 10:44:00 am,C,19
2/11/2020, 10:59:00 am,C,19.125
2/11/2020, 11:14:00 am,C,19.25
2/11/2020, 11:29:00 am,C,19.375
2/11/2020, 11:44:00 am,C,19.5
2/11/2020, 11:59:00 am,C,19.5
2/11/2020, 12:14:00 pm,C,19.625
2/11/2020, 12:29:00 pm,C,19.75
2/11/2020, 12:44:00 pm,C,19.75
2/11/2020, 12:59:00 pm,C,19.875
2/11/2020, 1:14:00 pm,C,19.875
2/11/2020, 1:29:00 pm,C,20
2/11/2020, 1:44:00 pm,C,20
2/11/2020, 1:59:00 pm,C,20
2/11/2020, 2:14:00 pm,C,20
2/11/2020, 2:29:00 pm,C,20
2/11/2020, 2:44:00 pm,C,20
2/11/2020, 2:59:00 pm,C,20
2/11/2020, 3:14:00 pm,C,19.875
2/11/2020, 3:29:00 pm,C,19.875
2/11/2020, 3:44:00 pm,C,19.875
2/11/2020, 3:59:00 pm,C,19.75
2/11/2020, 4:14:00 pm,C,19.75
2/11/2020, 4:29:00 pm,C,19.625
2/11/2020, 4:44:00 pm,C,19.625
2/11/2020, 4:59:00 pm,C,19.5
2/11/2020, 5:14:00 pm,C,19.5
2/11/2020, 5:29:00 pm,C,19.375
2/11/2020, 5:44:00 pm,C,19.375
2/11/2020, 5:59:00 pm,C,19.25
2/11/2020, 6:14:00 pm,C,19.25
2/11/2020, 6:29:00 pm,C,19.125
2/11/2020, 6:44:00 pm,C,19.125
2/11/2020, 6:59:00 pm,C,19.125
2/11/2020, 7:14:00 pm,C,19.125
2/11/2020, 7:29:00 pm,C,19
2/11/2020, 7:44:00 pm,C,19
2/11/2020, 7:59:00 pm,C,18.875
2/11/2020, 8:14:00 pm,C,18.875
2/11/2020, 8:29:00 pm,C,18.75
2/11/2020, 8:44:00 pm,C,18.75
2/11/2020, 8:59:00 pm,C,18.625
2/11/2020, 9:14:00 pm,C,18.5
2/11/2020, 9:29:00 pm,C,18.5
2/11/2020, 9:44:00 pm,C,18.25
2/11/2020, 9:59:00 pm,C,18.25
2/11/2020, 10:14:00 pm,C,18.125
2/11/2020, 10:29:00 pm,C,18.125
2/11/2020, 10:44:00 pm,C,18
2/11/2020, 10:59:00 pm,C,18
2/11/2020, 11:14:00 pm,C,18
2/11/2020, 11:29:00 pm,C,17.75
2/11/2020, 11:44:00 pm,C,17.75
2/11/2020, 11:59:00 pm,C,17.625
3/11/2020, 12:14:00 am,C,17.75
3/11/2020, 12:29:00 am,C,17.625
3/11/2020, 12:44:00 am,C,17.5
3/11/2020, 12:59:00 am,C,17.375
3/11/2020, 1:14:00 am,C,17.375
3/11/2020, 1:29:00 am,C,17.375
3/11/2020, 1:44:00 am,C,17.375
3/11/2020, 1:59:00 am,C,17.25
3/11/2020, 2:14:00 am,C,17.25
3/11/2020, 2:29:00 am,C,17.25
3/11/2020, 2:44:00 am,C,17.25
3/11/2020, 2:59:00 am,C,17.125
3/11/2020, 3:14:00 am,C,17.125
3/11/2020, 3:29:00 am,C,17
3/11/2020, 3:44:00 am,C,17
3/11/2020, 3:59:00 am,C,17
3/11/2020, 4:14:00 am,C,16.875
3/11/2020, 4:29:00 am,C,16.75
3/11/2020, 4:44:00 am,C,16.75
3/11/2020, 4:59:00 am,C,16.625
3/11/2020, 5:14:00 am,C,16.5
3/11/2020, 5:29:00 am,C,16.375
3/11/2020, 5:44:00 am,C,16.25
3/11/2020, 5:59:00 am,C,16.25
3/11/2020, 6:14:00 am,C,16.375
3/11/2020, 6:29:00 am,C,16.25
3/11/2020, 6:44:00 am,C,16.25
3/11/2020, 6:59:00 am,C,16.125
3/11/2020, 7:14:00 am,C,16.25
3/11/2020, 7:29:00 am,C,16.25
3/11/2020, 7:44:00 am,C,16.25
3/11/2020, 7:59:00 am,C,16.375
3/11/2020, 8:14:00 am,C,16.5
3/11/2020, 8:29:00 am,C,16.625
3/11/2020, 8:44:00 am,C,16.75
3/11/2020, 8:59:00 am,C,16.75
3/11/2020, 9:14:00 am,C,16.875
3/11/2020, 9:29:00 am,C,17
3/11/2020, 9:44:00 am,C,17.125
3/11/2020, 9:59:00 am,C,17.25
3/11/2020, 10:14:00 am,C,17.5
3/11/2020, 10:29:00 am,C,17.625
3/11/2020, 10:44:00 am,C,17.75
3/11/2020, 10:59:00 am,C,17.875
3/11/2020, 11:14:00 am,C,18
3/11/2020, 11:29:00 am,C,18.125
3/11/2020, 11:44:00 am,C,18.25
3/11/2020, 11:59:00 am,C,18.375
3/11/2020, 12:14:00 pm,C,18.5
3/11/2020, 12:29:00 pm,C,18.75
3/11/2020, 12:44:00 pm,C,18.75
3/11/2020, 12:59:00 pm,C,18.75
3/11/2020, 1:14:00 pm,C,18.75
3/11/2020, 1:29:00 pm,C,18.75
3/11/2020, 1:44:00 pm,C,18.625
3/11/2020, 1:59:00 pm,C,18.625
3/11/2020, 2:14:00 pm,C,18.75
3/11/2020, 2:29:00 pm,C,18.625
3/11/2020, 2:44:00 pm,C,18.625
3/11/2020, 2:59:00 pm,C,18.625
3/11/2020, 3:14:00 pm,C,18.625
3/11/2020, 3:29:00 pm,C,18.75
3/11/2020, 3:44:00 pm,C,18.75
3/11/2020, 3:59:00 pm,C,18.75
3/11/2020, 4:14:00 pm,C,18.75
3/11/2020, 4:29:00 pm,C,18.75
3/11/2020, 4:44:00 pm,C,18.75
3/11/2020, 4:59:00 pm,C,18.75
3/11/2020, 5:14:00 pm,C,18.75
3/11/2020, 5:29:00 pm,C,18.75
3/11/2020, 5:44:00 pm,C,18.625
3/11/2020, 5:59:00 pm,C,18.625
3/11/2020, 6:14:00 pm,C,18.5
3/11/2020, 6:29:00 pm,C,18.5
3/11/2020, 6:44:00 pm,C,18.5
3/11/2020, 6:59:00 pm,C,18.5
3/11/2020, 7:14:00 pm,C,18.5
3/11/2020, 7:29:00 pm,C,18.5
3/11/2020, 7:44:00 pm,C,18.375
3/11/2020, 7:59:00 pm,C,18.5
3/11/2020, 8:14:00 pm,C,18.5
3/11/2020, 8:29:00 pm,C,18.5
3/11/2020, 8:44:00 pm,C,18.5
3/11/2020, 8:59:00 pm,C,18.5
3/11/2020, 9:14:00 pm,C,18.5
3/11/2020, 9:29:00 pm,C,18.5
3/11/2020, 9:44:00 pm,C,18.375
3/11/2020, 9:59:00 pm,C,18.25
3/11/2020, 10:14:00 pm,C,18.25
3/11/2020, 10:29:00 pm,C,18.25
3/11/2020, 10:44:00 pm,C,18.25
3/11/2020, 10:59:00 pm,C,18.25
3/11/2020, 11:14:00 pm,C,18.125
3/11/2020, 11:29:00 pm,C,18.125
3/11/2020, 11:44:00 pm,C,18
