"date","rainfall"
2018-01-01,0
2018-01-02,0
2018-01-03,0
2018-01-04,0
2018-01-05,1.5
2018-01-06,8.5
2018-01-07,18
2018-01-08,12
2018-01-09,10
2018-01-10,0
2018-01-11,0
2018-01-12,0
2018-01-13,0
2018-01-14,0
2018-01-15,0
2018-01-16,0
2018-01-17,0
2018-01-18,0
2018-01-19,2
2018-01-20,0
2018-01-21,0
2018-01-22,0
2018-01-23,0
2018-01-24,0
2018-01-25,0
2018-01-26,1
2018-01-27,0.5
2018-01-28,0
2018-01-29,3
2018-01-30,2
2018-01-31,21
2018-02-01,0
2018-02-02,0
2018-02-03,0
2018-02-04,0
2018-02-05,0
2018-02-06,0
2018-02-07,0
2018-02-08,0
2018-02-09,0
2018-02-10,0
2018-02-11,0
2018-02-12,0
2018-02-13,0
2018-02-14,0
2018-02-15,0
2018-02-16,0
2018-02-17,0
2018-02-18,0
2018-02-19,0
2018-02-20,0
2018-02-21,1
2018-02-22,7
2018-02-23,3
2018-02-24,0
2018-02-25,0
2018-02-26,0
2018-02-27,0
2018-02-28,0.5
2018-03-01,0
2018-03-02,0
2018-03-03,0
2018-03-04,1
2018-03-05,0
2018-03-06,0
2018-03-07,0
2018-03-08,16
2018-03-09,0
2018-03-10,0
2018-03-11,0
2018-03-12,0
2018-03-13,0
2018-03-14,2.5
2018-03-15,0
2018-03-16,0
2018-03-17,0
2018-03-18,0
2018-03-19,0.5
2018-03-20,0
2018-03-21,0
2018-03-22,0
2018-03-23,0
2018-03-24,0.5
2018-03-25,0.5
2018-03-26,0
2018-03-27,0
2018-03-28,0
2018-03-29,0
2018-03-30,0
2018-03-31,0
2018-04-01,0
2018-04-02,0
2018-04-03,0
2018-04-04,0
2018-04-05,0
2018-04-06,0
2018-04-07,0
2018-04-08,0
2018-04-09,0
2018-04-10,0
2018-04-11,0
2018-04-12,0
2018-04-13,0
2018-04-14,0
2018-04-15,NA
2018-04-16,7
2018-04-17,3
2018-04-18,0
2018-04-19,0
2018-04-20,0
2018-04-21,0
2018-04-22,0
2018-04-23,0
2018-04-24,5
2018-04-25,0.5
2018-04-26,3
2018-04-27,4.5
2018-04-28,0
2018-04-29,0
2018-04-30,0
2018-05-01,0
2018-05-02,0
2018-05-03,2
2018-05-04,2
2018-05-05,0
2018-05-06,7
2018-05-07,34.5
2018-05-08,4
2018-05-09,15
2018-05-10,0.5
2018-05-11,0
2018-05-12,0
2018-05-13,0
2018-05-14,0
2018-05-15,0
2018-05-16,0
2018-05-17,0
2018-05-18,0
2018-05-19,0
2018-05-20,0
2018-05-21,0
2018-05-22,0
2018-05-23,0
2018-05-24,0
2018-05-25,0
2018-05-26,0.5
2018-05-27,0
2018-05-28,0
2018-05-29,0
2018-05-30,0
2018-05-31,0
2018-06-01,0
2018-06-02,0
2018-06-03,0
2018-06-04,3
2018-06-05,55.5
2018-06-06,152
2018-06-07,126.5
2018-06-08,87
2018-06-09,15.5
2018-06-10,0
2018-06-11,0
2018-06-12,25.5
2018-06-13,62.5
2018-06-14,3
2018-06-15,0
2018-06-16,0
2018-06-17,0
2018-06-18,0
2018-06-19,2
2018-06-20,0
2018-06-21,0
2018-06-22,74.5
2018-06-23,27
2018-06-24,15.5
2018-06-25,17.5
2018-06-26,4
2018-06-27,5.5
2018-06-28,0
2018-06-29,0
2018-06-30,0
2018-07-01,0
2018-07-02,33
2018-07-03,3
2018-07-04,8
2018-07-05,14
2018-07-06,0
2018-07-07,0
2018-07-08,4
2018-07-09,7.5
2018-07-10,8
2018-07-11,0
2018-07-12,0.5
2018-07-13,52
2018-07-14,56.5
2018-07-15,56.5
2018-07-16,4
2018-07-17,24
2018-07-18,44.5
2018-07-19,4.5
2018-07-20,4.5
2018-07-21,0
2018-07-22,0
2018-07-23,39
2018-07-24,2
2018-07-25,0.5
2018-07-26,5.5
2018-07-27,3.5
2018-07-28,0
2018-07-29,NA
2018-07-30,0
2018-07-31,0
2018-08-01,0
2018-08-02,12
2018-08-03,0
2018-08-04,7.5
2018-08-05,6
2018-08-06,0
2018-08-07,0
2018-08-08,18
2018-08-09,0
2018-08-10,40
2018-08-11,83
2018-08-12,92.5
2018-08-13,0
2018-08-14,45.5
2018-08-15,13.5
2018-08-16,11.5
2018-08-17,18.5
2018-08-18,0
2018-08-19,36
2018-08-20,6.5
2018-08-21,0.5
2018-08-22,65.5
2018-08-23,6.5
2018-08-24,0
2018-08-25,0
2018-08-26,9
2018-08-27,NA
2018-08-28,49.5
2018-08-29,NA
2018-08-30,NA
2018-08-31,NA
2018-09-01,NA
2018-09-02,1
2018-09-03,2
2018-09-04,0
2018-09-05,1
2018-09-06,5
2018-09-07,0
2018-09-08,0.5
2018-09-09,1
2018-09-10,0.5
2018-09-11,0
2018-09-12,1
2018-09-13,7
2018-09-14,0
2018-09-15,0
2018-09-16,NA
2018-09-17,NA
2018-09-18,NA
2018-09-19,NA
2018-09-20,NA
2018-09-21,NA
2018-09-22,NA
2018-09-23,NA
2018-09-24,NA
2018-09-25,NA
2018-09-26,NA
2018-09-27,NA
2018-09-28,NA
2018-09-29,0
2018-09-30,0
2018-10-01,1.5
2018-10-02,0
2018-10-03,0
2018-10-04,NA
2018-10-05,0
2018-10-06,0
2018-10-07,0
2018-10-08,0
2018-10-09,NA
2018-10-10,NA
2018-10-11,0
2018-10-12,0.5
2018-10-13,NA
2018-10-14,0
2018-10-15,0.5
2018-10-16,7.5
2018-10-17,3
2018-10-18,18
2018-10-19,0.5
2018-10-20,0
2018-10-21,2
2018-10-22,0.5
2018-10-23,0
2018-10-24,3
2018-10-25,0
2018-10-26,0
2018-10-27,0
2018-10-28,0
2018-10-29,0
2018-10-30,0
2018-10-31,0
2018-11-01,0
2018-11-02,0
2018-11-03,2.5
2018-11-04,1
2018-11-05,0
2018-11-06,0
2018-11-07,0
2018-11-08,0
2018-11-09,0
2018-11-10,0
2018-11-11,0
2018-11-12,NA
2018-11-13,NA
2018-11-14,0
2018-11-15,0
2018-11-16,0
2018-11-17,3
2018-11-18,0
2018-11-19,0
2018-11-20,0.5
2018-11-21,0
2018-11-22,0
2018-11-23,0
2018-11-24,0
2018-11-25,28
2018-11-26,14.5
2018-11-27,8
2018-11-28,11
2018-11-29,0
2018-11-30,0
2018-12-01,0
2018-12-02,0
2018-12-03,0
2018-12-04,0
2018-12-05,0
2018-12-06,0
2018-12-07,2
2018-12-08,0.5
2018-12-09,0
2018-12-10,0
2018-12-11,0
2018-12-12,NA
2018-12-13,0
2018-12-14,0
2018-12-15,0
2018-12-16,0.5
2018-12-17,0
2018-12-18,0
2018-12-19,0
2018-12-20,0
2018-12-21,0
2018-12-22,0
2018-12-23,14
2018-12-24,3
2018-12-25,0.5
2018-12-26,0
2018-12-27,0
2018-12-28,0
2018-12-29,0
2018-12-30,0
2018-12-31,0
2019-01-01,0
2019-01-02,0.5
2019-01-03,1.5
2019-01-04,0.5
2019-01-05,0.5
2019-01-06,0
2019-01-07,0
2019-01-08,0
2019-01-09,0
2019-01-10,0
2019-01-11,0
2019-01-12,0
2019-01-13,0.5
2019-01-14,0
2019-01-15,6
2019-01-16,0
2019-01-17,0
2019-01-18,0
2019-01-19,0
2019-01-20,0
2019-01-21,0
2019-01-22,0
2019-01-23,0
2019-01-24,0
2019-01-25,0
2019-01-26,0
2019-01-27,0
2019-01-28,0
2019-01-29,0
2019-01-30,0
2019-01-31,0
2019-02-01,0
2019-02-02,0
2019-02-03,0
2019-02-04,0
2019-02-05,0
2019-02-06,0
2019-02-07,0
2019-02-08,0
2019-02-09,0
2019-02-10,0
2019-02-11,0.5
2019-02-12,1.5
2019-02-13,0
2019-02-14,0.5
2019-02-15,0
2019-02-16,0
2019-02-17,0
2019-02-18,31.5
2019-02-19,17
2019-02-20,4
2019-02-21,1
2019-02-22,4
2019-02-23,11
2019-02-24,3
2019-02-25,0.5
2019-02-26,1
2019-02-27,0
2019-02-28,0
2019-03-01,0
2019-03-02,0
2019-03-03,6
2019-03-04,5
2019-03-05,30
2019-03-06,26
2019-03-07,34.5
2019-03-08,7.5
2019-03-09,8
2019-03-10,7
2019-03-11,4
2019-03-12,0
2019-03-13,0
2019-03-14,7.5
2019-03-15,1
2019-03-16,0
2019-03-17,0
2019-03-18,0
2019-03-19,0
2019-03-20,0
2019-03-21,0
2019-03-22,0
2019-03-23,3.5
2019-03-24,2.5
2019-03-25,1.5
2019-03-26,0
2019-03-27,0
2019-03-28,0
2019-03-29,1.5
2019-03-30,0
2019-03-31,0
2019-04-01,NA
2019-04-02,NA
2019-04-03,0
2019-04-04,0
2019-04-05,0
2019-04-06,0
2019-04-07,0
2019-04-08,0
2019-04-09,0
2019-04-10,0
2019-04-11,4.5
2019-04-12,8.5
2019-04-13,0.5
2019-04-14,13.5
2019-04-15,0.5
2019-04-16,12
2019-04-17,0
2019-04-18,8.5
2019-04-19,90.5
2019-04-20,43
2019-04-21,1
2019-04-22,0
2019-04-23,0
2019-04-24,0
2019-04-25,0
2019-04-26,0
2019-04-27,11
2019-04-28,4.5
2019-04-29,0
2019-04-30,1
2019-05-01,0.5
2019-05-02,NA
2019-05-03,NA
2019-05-04,NA
2019-05-05,NA
2019-05-06,NA
2019-05-07,NA
2019-05-08,NA
2019-05-09,NA
2019-05-10,0.5
2019-05-11,0.5
2019-05-12,0
2019-05-13,0.5
2019-05-14,1
2019-05-15,0.5
2019-05-16,0.5
2019-05-17,0
2019-05-18,0.5
2019-05-19,0
2019-05-20,NA
2019-05-21,NA
2019-05-22,0
2019-05-23,0
2019-05-24,0
2019-05-25,0
2019-05-26,NA
2019-05-27,NA
2019-05-28,NA
2019-05-29,NA
2019-05-30,NA
2019-05-31,15.5
2019-06-01,14
2019-06-02,3.5
2019-06-03,18
2019-06-04,4
2019-06-05,0
2019-06-06,0
2019-06-07,0
2019-06-08,0
2019-06-09,0.5
2019-06-10,10
2019-06-11,72.5
2019-06-12,3
2019-06-13,28.5
2019-06-14,5
2019-06-15,0
2019-06-16,0
2019-06-17,7.5
2019-06-18,4
2019-06-19,2.5
2019-06-20,5.5
2019-06-21,0
2019-06-22,5.5
2019-06-23,7.5
2019-06-24,33
2019-06-25,25
2019-06-26,5
2019-06-27,0
2019-06-28,0.5
2019-06-29,45.5
2019-06-30,70.5
2019-07-01,0.5
2019-07-02,9.5
2019-07-03,51
2019-07-04,31
2019-07-05,4
2019-07-06,0
2019-07-07,4
2019-07-08,4.5
2019-07-09,5
2019-07-10,14.5
2019-07-11,16
2019-07-12,0.5
2019-07-13,0
2019-07-14,0
2019-07-15,0
2019-07-16,0
2019-07-17,0
2019-07-18,15.5
2019-07-19,9
2019-07-20,22
2019-07-21,0
2019-07-22,3
2019-07-23,0
2019-07-24,1
2019-07-25,0
2019-07-26,0
2019-07-27,0
2019-07-28,47.5
2019-07-29,1.5
2019-07-30,6.5
2019-07-31,164
2019-08-01,94
2019-08-02,36.5
2019-08-03,11
2019-08-04,0
2019-08-05,0
2019-08-06,9
2019-08-07,0
2019-08-08,0
2019-08-09,0
2019-08-10,0
2019-08-11,0
2019-08-12,0
2019-08-13,0
2019-08-14,0
2019-08-15,0.5
2019-08-16,1
2019-08-17,3
2019-08-18,13.5
2019-08-19,18
2019-08-20,0
2019-08-21,3.5
2019-08-22,0
2019-08-23,9
2019-08-24,0
2019-08-25,72
2019-08-26,94.5
2019-08-27,5.5
2019-08-28,0
2019-08-29,5.5
2019-08-30,25.5
2019-08-31,34.5
2019-09-01,23.5
2019-09-02,94.5
2019-09-03,11.5
2019-09-04,23
2019-09-05,20.5
2019-09-06,0
2019-09-07,5.5
2019-09-08,13.5
2019-09-09,0
2019-09-10,0
2019-09-11,0
2019-09-12,0
2019-09-13,0
2019-09-14,0
2019-09-15,4
2019-09-16,0.5
2019-09-17,11
2019-09-18,3
2019-09-19,4.5
2019-09-20,0
2019-09-21,0
2019-09-22,0
2019-09-23,0
2019-09-24,0
2019-09-25,0
2019-09-26,0
2019-09-27,0
2019-09-28,0
2019-09-29,0
2019-09-30,0
2019-10-01,0
2019-10-02,0
2019-10-03,0
2019-10-04,0
2019-10-05,0
2019-10-06,29.5
2019-10-07,29
2019-10-08,0
2019-10-09,0
2019-10-10,0
2019-10-11,0
2019-10-12,2.5
2019-10-13,6
2019-10-14,6
2019-10-15,5
2019-10-16,0.5
2019-10-17,0
2019-10-18,0.5
2019-10-19,0
2019-10-20,0.5
2019-10-21,0
2019-10-22,0
2019-10-23,0
2019-10-24,0
2019-10-25,0
2019-10-26,0
2019-10-27,0
2019-10-28,0
2019-10-29,0
2019-10-30,0
2019-10-31,0
2019-11-01,0
2019-11-02,0
2019-11-03,0
2019-11-04,0
2019-11-05,0
2019-11-06,0
2019-11-07,0
2019-11-08,0
2019-11-09,0
2019-11-10,0
2019-11-11,0
2019-11-12,0
2019-11-13,0
2019-11-14,0
2019-11-15,0
2019-11-16,0
2019-11-17,0
2019-11-18,0
2019-11-19,0
2019-11-20,0
2019-11-21,0
2019-11-22,0
2019-11-23,0
2019-11-24,0
2019-11-25,0
2019-11-26,0
2019-11-27,0
2019-11-28,0
2019-11-29,0
2019-11-30,0
2019-12-01,0
2019-12-02,0
2019-12-03,0
2019-12-04,0
2019-12-05,0.5
2019-12-06,0
2019-12-07,0
2019-12-08,0
2019-12-09,0
2019-12-10,0
2019-12-11,0
2019-12-12,0
2019-12-13,0
2019-12-14,0
2019-12-15,0
2019-12-16,0
2019-12-17,0
2019-12-18,0
2019-12-19,0.5
2019-12-20,0.5
2019-12-21,0.5
2019-12-22,0
2019-12-23,0
2019-12-24,0
2019-12-25,0
2019-12-26,0
2019-12-27,0
2019-12-28,0
2019-12-29,9
2019-12-30,0
2019-12-31,1
2020-01-01,0.5
2020-01-02,0
2020-01-03,0
2020-01-04,0
2020-01-05,0
2020-01-06,0
2020-01-07,0
2020-01-08,0
2020-01-09,0
2020-01-10,0
2020-01-11,0
2020-01-12,0
2020-01-13,0
2020-01-14,0
2020-01-15,0
2020-01-16,0
2020-01-17,0
2020-01-18,0
2020-01-19,0
2020-01-20,0
2020-01-21,0
2020-01-22,0
2020-01-23,0
2020-01-24,1.5
2020-01-25,8.5
2020-01-26,30
2020-01-27,0.5
2020-01-28,0
2020-01-29,0
2020-01-30,0
2020-01-31,0
2020-02-01,0
2020-02-02,0
2020-02-03,0.5
2020-02-04,4
2020-02-05,0
2020-02-06,0
2020-02-07,0
2020-02-08,0
2020-02-09,0.5
2020-02-10,0
2020-02-11,3
2020-02-12,0
2020-02-13,17.5
2020-02-14,13
2020-02-15,1.5
2020-02-16,10.5
2020-02-17,0
2020-02-18,0
2020-02-19,0
2020-02-20,0
2020-02-21,0
2020-02-22,0
2020-02-23,0
2020-02-24,0
2020-02-25,0
2020-02-26,0
2020-02-27,0.5
2020-02-28,0
2020-02-29,0
2020-03-01,0
2020-03-02,0
2020-03-03,0
2020-03-04,1
2020-03-05,4
2020-03-06,0
2020-03-07,0
2020-03-08,0
2020-03-09,1
2020-03-10,1
2020-03-11,0
2020-03-12,0
2020-03-13,0
2020-03-14,5.5
2020-03-15,0
2020-03-16,0
2020-03-17,0
2020-03-18,14
2020-03-19,5.5
2020-03-20,0.5
2020-03-21,1
2020-03-22,0
2020-03-23,0
2020-03-24,0
2020-03-25,0
2020-03-26,2.5
2020-03-27,1
2020-03-28,5
2020-03-29,3
2020-03-30,6
2020-03-31,4.5
2020-04-01,1
2020-04-02,0
2020-04-03,1.5
2020-04-04,5.5
2020-04-05,10
2020-04-06,32.5
2020-04-07,0
2020-04-08,0
2020-04-09,0
2020-04-10,0
2020-04-11,3
2020-04-12,0
2020-04-13,0
2020-04-14,0
2020-04-15,0
2020-04-16,0
2020-04-17,0
2020-04-18,0
2020-04-19,0
2020-04-20,0
2020-04-21,0
2020-04-22,14.5
2020-04-23,3
2020-04-24,4
2020-04-25,1
2020-04-26,0.5
2020-04-27,0
2020-04-28,0
2020-04-29,0
2020-04-30,0
2020-05-01,0
2020-05-02,0
2020-05-03,0
2020-05-04,0
2020-05-05,0
2020-05-06,0
2020-05-07,0
2020-05-08,0.5
2020-05-09,0
2020-05-10,8
2020-05-11,27
2020-05-12,0.5
2020-05-13,0
2020-05-14,0
2020-05-15,0
2020-05-16,0
2020-05-17,0
2020-05-18,11.5
2020-05-19,0
2020-05-20,8
2020-05-21,88.5
2020-05-22,NA
2020-05-23,1.5
2020-05-24,0
2020-05-25,25
2020-05-26,0
2020-05-27,1.5
2020-05-28,2
2020-05-29,0
2020-05-30,101.5
2020-05-31,0.5
2020-06-01,2
2020-06-02,10.5
2020-06-03,0
2020-06-04,0
2020-06-05,1
2020-06-06,150.5
2020-06-07,130.5
2020-06-08,69
2020-06-09,4
2020-06-10,0.5
2020-06-11,0
2020-06-12,0
2020-06-13,16
2020-06-14,23
2020-06-15,1.5
2020-06-16,6.5
2020-06-17,0.5
2020-06-18,0.5
2020-06-19,0
2020-06-20,0
2020-06-21,0
2020-06-22,0.5
2020-06-23,0
2020-06-24,0
2020-06-25,0
2020-06-26,3
2020-06-27,0
2020-06-28,0
2020-06-29,0.5
2020-06-30,0
2020-07-01,10
2020-07-02,12.5
2020-07-03,9
2020-07-04,2
2020-07-05,8.5
2020-07-06,10.5
2020-07-07,19.5
2020-07-08,0
2020-07-09,0
2020-07-10,1
2020-07-11,0
2020-07-12,0
2020-07-13,0
2020-07-14,0
2020-07-15,0
2020-07-16,1.5
2020-07-17,0
2020-07-18,0
2020-07-19,0.5
2020-07-20,0
2020-07-21,0
2020-07-22,0.5
2020-07-23,0
2020-07-24,0
2020-07-25,0
2020-07-26,0
2020-07-27,0
2020-07-28,3
2020-07-29,22
2020-07-30,0.5
2020-07-31,42
2020-08-01,47.5
2020-08-02,46
2020-08-03,39.5
2020-08-04,5.5
2020-08-05,47.5
2020-08-06,5
2020-08-07,NA
2020-08-08,NA
2020-08-09,NA
2020-08-10,NA
2020-08-11,5.5
2020-08-12,26
2020-08-13,17.5
2020-08-14,4
2020-08-15,0
2020-08-16,1.5
2020-08-17,10.5
2020-08-18,74
2020-08-19,105.5
2020-08-20,1
2020-08-21,0
2020-08-22,0
2020-08-23,0
2020-08-24,0
2020-08-25,0
2020-08-26,5.5
2020-08-27,13.5
2020-08-28,0
2020-08-29,2.5
2020-08-30,0
2020-08-31,14
2020-09-01,2
2020-09-02,0
2020-09-03,18.5
2020-09-04,10.5
2020-09-05,1
2020-09-06,3.5
2020-09-07,8.5
2020-09-08,53.5
2020-09-09,1
2020-09-10,8.5
2020-09-11,6
2020-09-12,15.5
2020-09-13,1.5
2020-09-14,19.5
2020-09-15,71.5
2020-09-16,10.5
2020-09-17,42.5
2020-09-18,39.5
2020-09-19,62
2020-09-20,4.5
2020-09-21,84.5
2020-09-22,2.5
2020-09-23,0
2020-09-24,0
2020-09-25,0
2020-09-26,0
2020-09-27,3
2020-09-28,5
2020-09-29,0
2020-09-30,54
2020-10-01,1
2020-10-02,0
2020-10-03,0
2020-10-04,0
2020-10-05,15.5
2020-10-06,0
2020-10-07,0
2020-10-08,0
2020-10-09,0
2020-10-10,0
2020-10-11,0
2020-10-12,0
2020-10-13,41.5
2020-10-14,1.5
2020-10-15,0
2020-10-16,0
2020-10-17,0
2020-10-18,0
2020-10-19,0
2020-10-20,0
2020-10-21,0
2020-10-22,0
2020-10-23,0
2020-10-24,0
2020-10-25,0
2020-10-26,0
2020-10-27,0
2020-10-28,5
2020-10-29,0.5
2020-10-30,0
2020-10-31,0
2020-11-01,0
2020-11-02,0
2020-11-03,0
2020-11-04,1
2020-11-05,0
2020-11-06,0
2020-11-07,0
2020-11-08,0
2020-11-09,0
2020-11-10,0
2020-11-11,0
2020-11-12,0
2020-11-13,1
2020-11-14,0
2020-11-15,0
2020-11-16,0
2020-11-17,0
2020-11-18,0
2020-11-19,1
2020-11-20,0
2020-11-21,3
2020-11-22,1.5
2020-11-23,2
2020-11-24,0
2020-11-25,0
2020-11-26,0
2020-11-27,0
2020-11-28,0
2020-11-29,0
2020-11-30,0
2020-12-01,0
2020-12-02,0
2020-12-03,0
2020-12-04,0
2020-12-05,0
2020-12-06,0
2020-12-07,0
2020-12-08,0
2020-12-09,0
2020-12-10,0
2020-12-11,1
2020-12-12,0
2020-12-13,0
2020-12-14,0.5
2020-12-15,0
2020-12-16,0
2020-12-17,0
2020-12-18,0
2020-12-19,0
2020-12-20,0
2020-12-21,0
2020-12-22,0
2020-12-23,1
2020-12-24,0
2020-12-25,0
2020-12-26,0
2020-12-27,0
2020-12-28,0
2020-12-29,0
2020-12-30,0
2020-12-31,0
2021-01-01,0
2021-01-02,0
2021-01-03,0
2021-01-04,0
2021-01-05,0
2021-01-06,0
2021-01-07,0
2021-01-08,0
2021-01-09,0
2021-01-10,0
2021-01-11,0
2021-01-12,0
2021-01-13,0
2021-01-14,0
2021-01-15,0
2021-01-16,0
2021-01-17,0
2021-01-18,0
2021-01-19,0
2021-01-20,0
2021-01-21,0
2021-01-22,0
2021-01-23,0
2021-01-24,0
2021-01-25,0
2021-01-26,0
2021-01-27,0
2021-01-28,0
2021-01-29,0
2021-01-30,0
2021-01-31,0
2021-02-01,0
2021-02-02,0
2021-02-03,0
2021-02-04,0
2021-02-05,0
2021-02-06,0
2021-02-07,0
2021-02-08,0
2021-02-09,0.5
2021-02-10,33.5
2021-02-11,0
2021-02-12,0
2021-02-13,0
2021-02-14,0
2021-02-15,0
2021-02-16,0
2021-02-17,0
2021-02-18,0
2021-02-19,0
2021-02-20,0
2021-02-21,0
2021-02-22,0
2021-02-23,0
2021-02-24,0
2021-02-25,3.5
2021-02-26,10
2021-02-27,7
2021-02-28,0.5
2021-03-01,0
2021-03-02,1
2021-03-03,0.5
2021-03-04,2.5
2021-03-05,0.5
2021-03-06,8
2021-03-07,0.5
2021-03-08,2.5
2021-03-09,0
2021-03-10,0
2021-03-11,0
2021-03-12,0
2021-03-13,0
2021-03-14,0
2021-03-15,0
2021-03-16,0
2021-03-17,0
2021-03-18,0
2021-03-19,0
2021-03-20,0
2021-03-21,0
2021-03-22,0
2021-03-23,0
2021-03-24,0
2021-03-25,0
2021-03-26,0
2021-03-27,0
2021-03-28,0
2021-03-29,0
2021-03-30,0
2021-03-31,0
2021-04-01,0
2021-04-02,0
2021-04-03,0
2021-04-04,1.5
2021-04-05,2
2021-04-06,0
2021-04-07,0
2021-04-08,0
2021-04-09,10.5
2021-04-10,0
2021-04-11,0
2021-04-12,0
2021-04-13,0
2021-04-14,0
2021-04-15,3
2021-04-16,0
2021-04-17,2
2021-04-18,0
2021-04-19,0
2021-04-20,0
2021-04-21,0
2021-04-22,0
2021-04-23,0
2021-04-24,0
2021-04-25,0
2021-04-26,0.5
2021-04-27,10
2021-04-28,1.5
2021-04-29,0.5
2021-04-30,0
2021-05-01,0
2021-05-02,3.5
2021-05-03,6
2021-05-04,35
2021-05-05,0
2021-05-06,0.5
2021-05-07,0
2021-05-08,0
2021-05-09,0
2021-05-10,0
2021-05-11,0
2021-05-12,0
2021-05-13,0
2021-05-14,0
2021-05-15,0
2021-05-16,0
2021-05-17,0
2021-05-18,4
2021-05-19,2.5
2021-05-20,0
2021-05-21,1
2021-05-22,0.5
2021-05-23,0.5
2021-05-24,5
2021-05-25,18
2021-05-26,6.5
2021-05-27,0
2021-05-28,0
2021-05-29,0
2021-05-30,0
2021-05-31,10.5
2021-06-01,53
2021-06-02,3.5
2021-06-03,0
2021-06-04,9
2021-06-05,0
2021-06-06,0
2021-06-07,4.5
2021-06-08,1
2021-06-09,25.5
2021-06-10,2
2021-06-11,25
2021-06-12,36
2021-06-13,7
2021-06-14,1
2021-06-15,27.5
2021-06-16,4
2021-06-17,0
2021-06-18,0
2021-06-19,0
2021-06-20,0
2021-06-21,1.5
2021-06-22,32
2021-06-23,43
2021-06-24,16.5
2021-06-25,0.5
2021-06-26,8
2021-06-27,2
2021-06-28,74
2021-06-29,24
2021-06-30,0.5
2021-07-01,0
2021-07-02,0.5
2021-07-03,0
2021-07-04,0
2021-07-05,1.5
2021-07-06,2
2021-07-07,13.5
2021-07-08,0
2021-07-09,0
2021-07-10,0
2021-07-11,0
2021-07-12,0
2021-07-13,0
2021-07-14,6
2021-07-15,0
2021-07-16,2.5
2021-07-17,3.5
2021-07-18,22
2021-07-19,79.5
2021-07-20,173
2021-07-21,22
2021-07-22,0.5
2021-07-23,0
2021-07-24,10.5
2021-07-25,35.5
2021-07-26,17
2021-07-27,8
2021-07-28,0.5
2021-07-29,1
2021-07-30,12.5
2021-07-31,8
2021-08-01,0
2021-08-02,0
2021-08-03,13
2021-08-04,71.5
2021-08-05,23
2021-08-06,57.5
2021-08-07,5
2021-08-08,0.5
2021-08-09,60.5
2021-08-10,6
2021-08-11,7.5
2021-08-12,0.5
2021-08-13,13.5
2021-08-14,53.5
2021-08-15,4
2021-08-16,0
2021-08-17,0
2021-08-18,0
2021-08-19,4.5
2021-08-20,0
2021-08-21,0
2021-08-22,0
2021-08-23,5
2021-08-24,0
2021-08-25,0
2021-08-26,1.5
2021-08-27,24
2021-08-28,3
2021-08-29,29.5
2021-08-30,0
2021-08-31,9.5
2021-09-01,11.5
2021-09-02,0.5
2021-09-03,0
2021-09-04,1
2021-09-05,1
2021-09-06,0
2021-09-07,6
2021-09-08,1.5
2021-09-09,0
2021-09-10,0
2021-09-11,0
2021-09-12,0
2021-09-13,0
2021-09-14,5.5
2021-09-15,0
2021-09-16,1
2021-09-17,36
2021-09-18,4
2021-09-19,3
2021-09-20,15.5
2021-09-21,7
2021-09-22,0
2021-09-23,31
2021-09-24,5.5
2021-09-25,0
2021-09-26,0
2021-09-27,0
2021-09-28,0
2021-09-29,0
2021-09-30,0
2021-10-01,0
2021-10-02,0
2021-10-03,5.5
2021-10-04,0
2021-10-05,0
2021-10-06,0
2021-10-07,14.5
2021-10-08,360.5
2021-10-09,141
2021-10-10,28.5
2021-10-11,0
2021-10-12,0.5
2021-10-13,107.5
2021-10-14,19
2021-10-15,8.5
2021-10-16,0
2021-10-17,0
2021-10-18,0
2021-10-19,0
2021-10-20,0
2021-10-21,0
2021-10-22,3
2021-10-23,0
2021-10-24,0
2021-10-25,0
2021-10-26,0
2021-10-27,0
2021-10-28,0
2021-10-29,1.5
2021-10-30,1.5
2021-10-31,0
2021-11-01,0
2021-11-02,1
2021-11-03,0
2021-11-04,0
2021-11-05,0
2021-11-06,0
2021-11-07,0
2021-11-08,4
2021-11-09,0
2021-11-10,0
2021-11-11,0
2021-11-12,0
2021-11-13,0
2021-11-14,0
2021-11-15,0
2021-11-16,0
2021-11-17,0
2021-11-18,0
2021-11-19,0
2021-11-20,0
2021-11-21,0
2021-11-22,3
2021-11-23,0
2021-11-24,0
2021-11-25,0
2021-11-26,0
2021-11-27,0
2021-11-28,0
2021-11-29,0
2021-11-30,0
2021-12-01,0
2021-12-02,0
2021-12-03,0
2021-12-04,0
2021-12-05,0
2021-12-06,0
2021-12-07,0
2021-12-08,0
2021-12-09,0
2021-12-10,0
2021-12-11,0
2021-12-12,0
2021-12-13,0
2021-12-14,0
2021-12-15,0
2021-12-16,0.5
2021-12-17,0
2021-12-18,0
2021-12-19,0
2021-12-20,15.5
2021-12-21,9.5
2021-12-22,0
2021-12-23,1.5
2021-12-24,1.5
2021-12-25,0
2021-12-26,5.5
2021-12-27,5
2021-12-28,0
2021-12-29,0
2021-12-30,0
2021-12-31,0
2022-01-01,0
2022-01-02,0
2022-01-03,0
2022-01-04,0
2022-01-05,0
2022-01-06,0
2022-01-07,0
2022-01-08,0
2022-01-09,0
2022-01-10,0
2022-01-11,3.5
2022-01-12,0
2022-01-13,0
2022-01-14,0
2022-01-15,0
2022-01-16,0
2022-01-17,0
2022-01-18,1
2022-01-19,0
2022-01-20,0
2022-01-21,0
2022-01-22,2.5
2022-01-23,0.5
2022-01-24,1
2022-01-25,0
2022-01-26,0.5
2022-01-27,1.5
2022-01-28,0
2022-01-29,0.5
2022-01-30,0
2022-01-31,0
2022-02-01,3
2022-02-02,3
2022-02-03,2.5
2022-02-04,0.5
2022-02-05,0
2022-02-06,0
2022-02-07,0.5
2022-02-08,0.5
2022-02-09,0
2022-02-10,0
2022-02-11,0
2022-02-12,0
2022-02-13,3
2022-02-14,0.5
2022-02-15,0
2022-02-16,0
2022-02-17,4.5
2022-02-18,0.5
2022-02-19,39.5
2022-02-20,62.5
2022-02-21,49.5
2022-02-22,41
2022-02-23,5
2022-02-24,0
2022-02-25,0
2022-02-26,0
2022-02-27,0
2022-02-28,0
2022-03-01,0
2022-03-02,0
2022-03-03,0
2022-03-04,0
2022-03-05,0
2022-03-06,0
2022-03-07,5
2022-03-08,0
2022-03-09,0
2022-03-10,0
2022-03-11,0
2022-03-12,0
2022-03-13,0.5
2022-03-14,0
2022-03-15,0
2022-03-16,0
2022-03-17,2.5
2022-03-18,0
2022-03-19,0
2022-03-20,7
2022-03-21,0
2022-03-22,0.5
2022-03-23,53.5
2022-03-24,2.5
2022-03-25,4.5
2022-03-26,0
2022-03-27,1
2022-03-28,43
2022-03-29,0
2022-03-30,0
2022-03-31,0
2022-04-01,3
2022-04-02,3
2022-04-03,0
2022-04-04,0
2022-04-05,0
2022-04-06,0
2022-04-07,0
2022-04-08,0
2022-04-09,0
2022-04-10,0
2022-04-11,0
2022-04-12,0
2022-04-13,0
2022-04-14,0
2022-04-15,0
2022-04-16,0
2022-04-17,0
2022-04-18,0
2022-04-19,2.5
2022-04-20,0
2022-04-21,0
2022-04-22,0
2022-04-23,0
2022-04-24,0
2022-04-25,0
2022-04-26,0
2022-04-27,0
2022-04-28,0
2022-04-29,0
2022-04-30,0.5
2022-05-01,49
2022-05-02,27
2022-05-03,0
2022-05-04,0
2022-05-05,0
2022-05-06,0
2022-05-07,2.5
2022-05-08,0
2022-05-09,0
2022-05-10,5
2022-05-11,56
2022-05-12,199.5
2022-05-13,83.5
2022-05-14,6.5
2022-05-15,23
2022-05-16,8.5
2022-05-17,0
2022-05-18,0
2022-05-19,0
2022-05-20,0
2022-05-21,0
2022-05-22,3
2022-05-23,1
2022-05-24,5.5
2022-05-25,1
2022-05-26,0
2022-05-27,136
2022-05-28,0
2022-05-29,0.5
2022-05-30,1
2022-05-31,4.5
2022-06-01,10
2022-06-02,6.5
2022-06-03,58.5
2022-06-04,2.5
2022-06-05,0
2022-06-06,35.5
2022-06-07,81
2022-06-08,84
2022-06-09,21
2022-06-10,1.5
2022-06-11,61.5
2022-06-12,38
2022-06-13,0
2022-06-14,5.5
2022-06-15,11
2022-06-16,4
2022-06-17,1.5
2022-06-18,1
2022-06-19,19
2022-06-20,2.5
2022-06-21,0
2022-06-22,0
2022-06-23,0
2022-06-24,0
2022-06-25,0
2022-06-26,0
2022-06-27,0
2022-06-28,0
2022-06-29,1.5
2022-06-30,30
2022-07-01,48
2022-07-02,107.5
2022-07-03,0
2022-07-04,11
2022-07-05,55.5
2022-07-06,38
2022-07-07,2
2022-07-08,0
2022-07-09,0.5
2022-07-10,0.5
2022-07-11,0
2022-07-12,0
2022-07-13,0
2022-07-14,0
2022-07-15,0
2022-07-16,2.5
2022-07-17,0
2022-07-18,0
2022-07-19,8
2022-07-20,0
2022-07-21,0
2022-07-22,0
2022-07-23,0
2022-07-24,0
2022-07-25,0
2022-07-26,0
2022-07-27,0
2022-07-28,0
2022-07-29,0
2022-07-30,21.5
2022-07-31,0
2022-08-01,0
2022-08-02,7.5
2022-08-03,5
2022-08-04,40
2022-08-05,94
2022-08-06,6.5
2022-08-07,0
2022-08-08,NA
2022-08-09,NA
2022-08-10,NA
2022-08-11,NA
2022-08-12,NA
2022-08-13,0
2022-08-14,3
2022-08-15,0.5
2022-08-16,1
2022-08-17,101
2022-08-18,15.5
2022-08-19,6
2022-08-20,12.5
2022-08-21,2
2022-08-22,0
2022-08-23,0
2022-08-24,7
2022-08-25,61.5
2022-08-26,0.5
2022-08-27,0
2022-08-28,0
2022-08-29,NA
2022-08-30,28.5
2022-08-31,0
2022-09-01,30
2022-09-02,0
2022-09-03,0
2022-09-04,0
2022-09-05,0
2022-09-06,0
2022-09-07,23
2022-09-08,0
2022-09-09,0
2022-09-10,0
2022-09-11,0
2022-09-12,0
2022-09-13,0
2022-09-14,0
2022-09-15,0
2022-09-16,0
2022-09-17,0
2022-09-18,0.5
2022-09-19,3
2022-09-20,1
2022-09-21,0.5
2022-09-22,0
2022-09-23,25.5
2022-09-24,0
2022-09-25,0
2022-09-26,0
2022-09-27,0
2022-09-28,0
2022-09-29,11
2022-09-30,140
2022-10-01,9.5
2022-10-02,0
2022-10-03,0
2022-10-04,0
2022-10-05,0
2022-10-06,0
2022-10-07,1.5
2022-10-08,1
2022-10-09,0
2022-10-10,0
2022-10-11,0
2022-10-12,0
2022-10-13,0
2022-10-14,0
2022-10-15,0
2022-10-16,0
2022-10-17,0
2022-10-18,19
2022-10-19,0
2022-10-20,0
2022-10-21,0
2022-10-22,0
2022-10-23,0
2022-10-24,0
2022-10-25,0
2022-10-26,0
2022-10-27,0
2022-10-28,0
2022-10-29,0
2022-10-30,0
2022-10-31,0
2022-11-01,11
2022-11-02,34.5
2022-11-03,43.5
2022-11-04,10.5
2022-11-05,0
2022-11-06,6
2022-11-07,14
2022-11-08,6.5
2022-11-09,0
2022-11-10,0
2022-11-11,0
2022-11-12,0
2022-11-13,0
2022-11-14,0
2022-11-15,0
2022-11-16,0
2022-11-17,0
2022-11-18,0
2022-11-19,0
2022-11-20,0
2022-11-21,0.5
2022-11-22,1.5
2022-11-23,2
2022-11-24,4
2022-11-25,3.5
2022-11-26,3.5
2022-11-27,1.5
2022-11-28,9.5
2022-11-29,0
2022-11-30,0
2022-12-01,0
2022-12-02,0
2022-12-03,0
2022-12-04,0
2022-12-05,0
2022-12-06,0
2022-12-07,0
2022-12-08,0
2022-12-09,0
2022-12-10,0
2022-12-11,0
2022-12-12,0
2022-12-13,4
2022-12-14,15.5
2022-12-15,6
2022-12-16,13.5
2022-12-17,17.5
2022-12-18,0
2022-12-19,0
2022-12-20,0
2022-12-21,0
2022-12-22,0
2022-12-23,0
2022-12-24,0
2022-12-25,0
2022-12-26,0
2022-12-27,0
2022-12-28,0
2022-12-29,0
2022-12-30,0
2022-12-31,0
